alumno_id,materia_asignada_id,materia,ciclo,Examen 1_1,Examen 2_1,Examen Final_1,Exposición_1,Tarea 1_1,Tarea 2_1,Tarea 3_1,Tarea 4_1,Tarea 5_1,Tarea 6_1,Tarea 7_1,porcentaje_asistencia,promedio_participacion,target_nota
29,1,Lenguaje,2022,,51.35,,,,,,,,,,0.76,7.474999999999999,61.13
4,1,Lenguaje,2022,,94.41,86.96,97.45,89.99,94.02,,,90.95,,86.62,0.8787878787878788,7.466363636363636,86.95
34,1,Lenguaje,2022,,93.73,51.54,,87.4,55.67,,95.11,87.8,86.2,94.19,0.8415300546448088,7.489268292682926,87.03
10,1,Lenguaje,2022,,95.31,99.06,98.17,97.93,60.49,88.93,93.02,96.2,99.12,86.04,0.8734177215189873,7.302631578947368,99.7
35,1,Lenguaje,2022,,,,,,,,,,,,0.8484848484848485,7.371333333333334,90.62
6,1,Lenguaje,2022,,96.16,,92.03,86.61,87.4,88.23,,93.45,62.82,,0.868421052631579,8.14,99.35
31,1,Lenguaje,2022,,,98.95,,,,,,,,,0.76,7.37,56.43
14,1,Lenguaje,2022,,,,,97.13,93.18,,,63.56,58.59,,0.8333333333333334,7.302142857142857,95.58
22,1,Lenguaje,2022,,,,,91.96,,,,,,95.87,0.8979591836734694,7.265,93.28
13,1,Lenguaje,2022,,90.49,,,,,52.93,,,96.19,,0.8409090909090909,7.669999999999999,95.06
2,1,Lenguaje,2022,,,,96.86,,93.3,91.99,,57.95,,,0.8504672897196262,7.627142857142856,96.71
16,1,Lenguaje,2022,,89.58,,,93.34,91.37,,86.46,53.41,99.07,91.42,0.8392857142857143,7.473076923076924,94.68
11,1,Lenguaje,2022,,96.84,90.13,96.23,,98.02,99.9,98.58,,,64.27,0.8916666666666667,7.2540000000000004,92.2
32,1,Lenguaje,2022,,,,86.32,,,,91.93,,,88.57,0.8188976377952756,7.197857142857143,91.76
9,1,Lenguaje,2022,,,98.9,86.72,56.59,86.25,,91.11,53.93,90.54,90.87,0.8145161290322581,7.7057142857142855,86.99
7,1,Lenguaje,2022,,,,,86.1,,,98.2,,,,0.9142857142857143,8.330000000000002,96.87
15,1,Lenguaje,2022,,93.17,52.39,,98.07,96.68,91.87,,90.7,99.81,89.39,0.8303571428571429,7.457916666666666,95.44
26,1,Lenguaje,2022,,,,,,,,,96.13,98.27,,0.8,7.794166666666666,86.7
12,1,Lenguaje,2022,,,90.92,88.21,,,,,,,,0.8333333333333334,7.504285714285714,94.24
24,1,Lenguaje,2022,,,,90.41,,,,,,,,0.8787878787878788,6.965714285714285,99.58
19,1,Lenguaje,2022,,,,98.14,,,,,,89.67,,0.8842105263157894,7.496,95.9
25,1,Lenguaje,2022,,,,,,,,,,,,0.85,7.448333333333333,99.8
30,1,Lenguaje,2022,,98.46,,,87.13,,,,,,,0.7931034482758621,7.032857142857142,90.66
21,1,Lenguaje,2022,,,,,86.0,51.36,,99.67,95.98,,,0.9069767441860465,8.204285714285714,91.44
3,1,Lenguaje,2022,,95.28,,,87.61,92.59,,86.22,97.41,92.27,,0.8395061728395061,7.776000000000001,54.39
17,1,Lenguaje,2022,,90.86,,97.05,93.4,63.18,89.3,63.49,89.89,,53.54,0.7863247863247863,7.814285714285716,87.15
28,1,Lenguaje,2022,,,98.27,86.4,,,92.25,98.84,99.29,91.44,95.84,0.8148148148148148,7.570000000000002,89.59
20,1,Lenguaje,2022,,,,,,,,,,,,0.7857142857142857,8.5425,93.87
33,1,Lenguaje,2022,,,53.38,,,,,99.14,96.76,87.05,,0.8076923076923077,7.393333333333334,99.72
1,1,Lenguaje,2022,,,,93.99,95.44,,,88.15,,,,0.8533333333333334,6.721904761904762,98.35
5,1,Lenguaje,2022,,,,,88.18,,,,99.77,,,0.8333333333333334,7.86,97.72
18,1,Lenguaje,2022,,,98.05,87.13,,88.6,89.77,99.17,,,89.94,0.796875,7.202903225806453,94.53
27,1,Lenguaje,2022,,,,54.14,,,87.3,58.29,,,,0.8636363636363636,7.656500000000001,96.42
23,1,Lenguaje,2022,,48.72,28.84,47.01,,62.68,61.17,54.11,53.35,61.43,,0.8197674418604651,7.357419354838707,35.95
8,1,Lenguaje,2022,,89.56,91.73,96.8,88.44,86.09,95.62,95.49,99.09,,89.25,0.8450704225352113,7.166969696969696,88.25
54,2,Lenguaje,2022,,,,,,,,,,,74.53,1.0,8.678,68.97
68,2,Lenguaje,2022,,,,,,79.17,,73.5,83.61,,,0.8217054263565892,7.297187500000001,69.17
51,2,Lenguaje,2022,,79.76,56.87,72.64,71.26,82.93,,73.98,73.48,59.5,68.75,0.8484848484848485,7.62108108108108,75.41
70,2,Lenguaje,2022,,,,,82.89,,,,,,,0.9310344827586207,6.85125,82.39
52,2,Lenguaje,2022,,,,,74.44,,,,,,,0.9411764705882353,8.1225,69.17
67,2,Lenguaje,2022,,74.91,71.08,70.72,71.42,76.04,72.53,81.68,66.36,78.44,84.44,0.8733333333333333,7.252,68.01
63,2,Lenguaje,2022,,,,,,,,64.29,,,,0.8863636363636364,7.0329411764705885,73.43
45,2,Lenguaje,2022,,,84.72,81.45,,77.54,51.07,,78.85,,82.81,0.8631578947368421,7.494,68.24
39,2,Lenguaje,2022,,93.73,98.93,92.98,,94.51,99.38,,,,96.36,0.8269230769230769,7.560540540540539,95.17
69,2,Lenguaje,2022,,74.33,,,,,,,82.38,71.97,,0.92,6.233333333333333,66.85
36,2,Lenguaje,2022,,62.93,98.8,86.46,88.19,98.26,89.92,97.41,90.22,99.45,62.33,0.8429319371727748,7.325283018867926,86.06
50,2,Lenguaje,2022,,,,,,73.87,79.88,,,,,0.8,7.516666666666667,82.79
60,2,Lenguaje,2022,,83.37,75.92,71.78,83.99,54.24,67.01,68.75,83.87,,72.13,0.8556701030927835,7.434651162790698,83.79
66,2,Lenguaje,2022,,75.74,79.88,74.18,68.55,51.97,82.47,82.77,83.28,72.89,70.86,0.9010416666666666,7.301874999999999,67.01
59,2,Lenguaje,2022,,75.55,83.46,74.92,67.01,82.89,72.39,60.55,62.88,69.3,83.5,0.8512820512820513,7.2352173913043485,78.67
65,2,Lenguaje,2022,,51.38,,,,70.0,,,56.16,,70.85,0.875,7.493750000000001,66.61
62,2,Lenguaje,2022,,71.71,,,71.96,,,,79.12,,,0.8095238095238095,7.297777777777778,67.18
44,2,Lenguaje,2022,,,,,,50.07,,,,,61.52,0.8873239436619719,7.679599999999999,47.67
42,2,Lenguaje,2022,,86.98,95.36,88.23,92.18,86.12,97.75,,,90.2,,0.819672131147541,7.4988571428571404,55.0
41,2,Lenguaje,2022,,,89.82,,64.98,92.58,95.54,89.7,87.22,99.89,95.3,0.7671232876712328,7.4171428571428555,94.53
46,2,Lenguaje,2022,,69.65,83.22,76.69,76.03,67.88,84.84,69.2,74.41,84.97,71.83,0.8167539267015707,7.224210526315787,84.84
40,2,Lenguaje,2022,,96.79,88.6,91.96,86.6,62.62,88.21,87.91,51.71,99.98,88.03,0.8393782383419689,7.082264150943397,96.34
43,2,Lenguaje,2022,,43.53,31.46,58.0,,64.03,,,,,,0.9038461538461539,8.052272727272728,44.96
53,2,Lenguaje,2022,,69.41,82.78,,67.49,72.49,70.04,73.69,,,,0.8513513513513513,7.162727272727273,78.26
38,2,Lenguaje,2022,,,,,,,,96.21,88.7,,,0.8461538461538461,7.7238461538461545,96.59
48,2,Lenguaje,2022,,84.09,,84.84,78.81,,,82.37,82.9,,,0.8859649122807017,7.348333333333333,82.4
57,2,Lenguaje,2022,,,,,,,,,,,,1.0,7.05,76.75
61,2,Lenguaje,2022,,,,,,,,,83.89,82.29,,0.875,7.298235294117647,79.43
49,2,Lenguaje,2022,,,,,,,,78.6,,,,0.8421052631578947,7.244166666666665,84.18
47,2,Lenguaje,2022,,,,,,66.87,,84.31,,,,0.8285714285714286,7.832000000000001,71.05
37,2,Lenguaje,2022,,87.96,98.53,89.45,58.97,86.19,94.06,98.6,98.48,86.08,87.76,0.8673469387755102,7.0252,89.98
64,2,Lenguaje,2022,,,,,,,,,,,,0.8235294117647058,7.28125,76.61
55,2,Lenguaje,2022,,,69.63,78.69,78.83,67.84,67.65,83.14,64.74,81.67,67.16,0.8533333333333334,7.565263157894736,81.22
56,2,Lenguaje,2022,,79.68,66.49,70.63,77.06,,74.06,73.14,53.85,73.21,75.87,0.8805031446540881,7.466976744186046,75.35
58,2,Lenguaje,2022,,,75.93,84.72,79.44,74.7,80.65,74.12,,72.95,79.08,0.8689655172413793,7.7555555555555555,77.33
29,9,Matemática,2022,,92.6,,86.86,87.38,93.41,98.99,95.09,97.16,91.93,97.92,0.8636363636363636,6.932999999999997,98.32
4,9,Matemática,2022,,97.91,60.69,89.82,90.38,,96.48,,,,94.12,0.8163265306122449,7.391034482758621,57.06
34,9,Matemática,2022,,92.7,,99.88,,,96.01,99.81,86.25,,51.83,0.8495575221238938,7.59774193548387,51.5
10,9,Matemática,2022,,,,92.88,,,96.48,,,,,0.7619047619047619,6.632000000000001,99.34
35,9,Matemática,2022,,,94.06,,,88.12,96.48,,94.15,,,0.8504672897196262,7.720869565217391,95.84
6,9,Matemática,2022,,,,,,,,,,,90.52,0.7872340425531915,7.448235294117646,95.04
31,9,Matemática,2022,,,,,,,,,,,88.94,0.7857142857142857,6.504,58.58
14,9,Matemática,2022,,90.25,89.92,,,,,,,,92.74,0.8103448275862069,8.116153846153846,91.59
22,9,Matemática,2022,,,98.56,,92.63,,,86.74,,,92.18,0.8536585365853658,7.361666666666667,52.96
13,9,Matemática,2022,,90.05,88.44,,96.44,,54.92,92.12,86.84,,,0.8928571428571429,7.462941176470588,92.04
2,9,Matemática,2022,,63.45,,58.03,95.27,89.88,,,,,,0.8061224489795918,7.990434782608696,90.41
16,9,Matemática,2022,,,,86.76,56.7,,96.24,90.95,,88.6,52.24,0.8556701030927835,7.272500000000001,91.93
11,9,Matemática,2022,,,52.08,,52.88,88.42,,,89.91,97.89,92.69,0.8,7.299411764705883,95.14
32,9,Matemática,2022,,92.45,,,,86.37,88.47,,,,,0.926829268292683,6.900909090909092,95.22
9,9,Matemática,2022,,,,,,94.93,,,,,,0.8928571428571429,7.956666666666667,89.36
7,9,Matemática,2022,,,,,,,,,,,,1.0,0.0,54.47
15,9,Matemática,2022,,87.23,95.58,97.38,99.42,,88.37,86.56,91.4,91.18,89.9,0.8167539267015707,7.540188679245282,96.03
26,9,Matemática,2022,,98.48,,91.9,98.74,92.43,89.68,99.73,90.54,99.38,94.55,0.8636363636363636,7.567333333333334,92.53
12,9,Matemática,2022,,88.49,98.1,89.63,,94.1,64.99,,55.58,,92.55,0.7798165137614679,6.447333333333333,90.82
24,9,Matemática,2022,,87.25,96.06,96.59,86.2,97.13,93.18,91.2,63.61,99.27,99.16,0.8777777777777778,7.3026,98.68
19,9,Matemática,2022,,86.56,,91.33,91.6,,,,96.49,,,0.860655737704918,7.927857142857145,96.22
25,9,Matemática,2022,,,,,,,,,97.38,,,0.75,8.65,95.93
30,9,Matemática,2022,,98.9,99.76,,,88.89,,88.91,,94.66,95.79,0.825,7.35111111111111,62.28
21,9,Matemática,2022,,96.42,53.05,90.11,,,94.51,,,,,0.8429752066115702,7.751142857142858,97.14
3,9,Matemática,2022,,,,91.38,,,,,,,,0.9019607843137255,7.793749999999999,59.88
17,9,Matemática,2022,,,95.51,,,,,,,,,0.9166666666666666,7.415,88.81
28,9,Matemática,2022,,94.98,88.73,94.37,94.19,90.01,96.47,89.91,92.99,89.99,92.09,0.8108108108108109,7.709811320754717,94.34
20,9,Matemática,2022,,,,,,,,,,,91.51,0.7083333333333334,5.859999999999999,86.45
33,9,Matemática,2022,,,97.7,,,86.74,96.65,89.1,99.57,,98.25,0.8661971830985915,7.517567567567567,98.52
1,9,Matemática,2022,,94.46,,94.75,93.07,99.06,,62.07,99.4,88.79,86.73,0.8125,7.184347826086956,91.67
5,9,Matemática,2022,,,,86.55,94.23,95.02,,87.46,,99.09,,0.9191919191919192,7.222142857142855,86.3
18,9,Matemática,2022,,96.67,89.02,91.17,64.58,99.71,59.56,,88.21,92.7,88.96,0.8617886178861789,7.378857142857141,93.09
27,9,Matemática,2022,,96.7,88.66,95.73,93.2,,61.18,,95.97,,86.82,0.8486842105263158,7.430256410256411,90.36
23,9,Matemática,2022,,,,,57.45,,,,,,,0.8333333333333334,7.546666666666667,51.23
8,9,Matemática,2022,,,,92.06,,96.41,,91.34,57.03,,89.74,0.8222222222222222,7.239999999999999,89.94
54,10,Matemática,2022,,78.61,76.41,83.98,72.2,78.43,74.92,69.25,80.04,74.22,54.88,0.8549618320610687,7.4485294117647065,54.57
68,10,Matemática,2022,,77.7,81.67,72.81,,79.54,,69.97,,,70.94,0.875,7.221249999999999,69.7
51,10,Matemática,2022,,71.07,81.41,68.69,,83.54,79.29,,82.47,,70.65,0.8015873015873016,7.204666666666667,72.29
70,10,Matemática,2022,,,58.28,58.88,75.84,,,,,,,0.8048780487804879,7.523846153846154,66.13
52,10,Matemática,2022,,,,,,,,,,,,0.9375,8.305,57.05
67,10,Matemática,2022,,,,,,74.53,,,,,,0.8695652173913043,7.0200000000000005,79.26
63,10,Matemática,2022,,,,,79.62,,56.54,,,,,0.8235294117647058,8.335714285714285,54.16
45,10,Matemática,2022,,,77.2,,57.49,81.77,,83.76,,77.25,,0.8870967741935484,7.454666666666665,62.17
39,10,Matemática,2022,,96.16,90.72,,98.17,99.66,95.63,90.13,87.78,54.86,87.03,0.8652849740932642,7.633731343283585,97.19
69,10,Matemática,2022,,,76.79,,,,,,,,,0.851063829787234,7.53818181818182,66.85
36,10,Matemática,2022,,96.41,53.16,99.89,58.18,53.0,88.38,,98.84,,92.21,0.8067226890756303,6.804285714285714,90.42
50,10,Matemática,2022,,83.89,69.57,84.93,71.02,75.96,75.08,75.8,73.86,72.71,77.14,0.8282208588957055,7.413023255813953,79.44
60,10,Matemática,2022,,,,72.44,,74.94,84.9,,72.38,52.33,,0.8125,7.828461538461539,81.93
66,10,Matemática,2022,,54.34,82.37,61.12,81.99,80.86,76.8,81.01,56.5,68.82,72.08,0.8724489795918368,7.253421052631578,83.79
59,10,Matemática,2022,,,,,,,,,,,,0.85,7.36,66.31
65,10,Matemática,2022,,74.75,71.95,73.19,,72.25,78.85,79.92,62.83,81.75,78.63,0.8160919540229885,7.605238095238096,73.77
62,10,Matemática,2022,,66.16,,,,55.04,,,,78.9,70.91,0.84,7.819375000000001,58.68
44,10,Matemática,2022,,,,48.28,63.17,,,,59.19,,,0.8787878787878788,7.581875000000002,38.62
42,10,Matemática,2022,,,,,,,,,,,,0.0,0.0,94.01
41,10,Matemática,2022,,,,,,,99.37,,,,86.86,0.7916666666666666,8.47,90.93
46,10,Matemática,2022,,,,,,68.0,83.51,,,,,0.875,8.655,69.61
40,10,Matemática,2022,,,52.14,95.85,90.48,94.98,99.94,,55.13,95.86,98.21,0.875,7.714516129032259,98.83
43,10,Matemática,2022,,38.78,30.34,56.3,50.1,,,,62.7,64.46,,0.8817204301075269,7.462380952380954,52.59
53,10,Matemática,2022,,84.17,,71.38,71.57,71.65,,75.28,,76.78,,0.7948717948717948,7.350384615384616,82.23
38,10,Matemática,2022,,,,,87.32,88.3,90.1,87.81,94.11,,,0.8173076923076923,7.144137931034483,96.72
48,10,Matemática,2022,,61.7,84.52,,84.7,77.56,,66.05,71.11,,,0.9240506329113924,7.398947368421053,76.33
57,10,Matemática,2022,,,76.53,68.15,81.28,71.84,,84.24,,71.49,,0.8611111111111112,7.611724137931033,68.04
61,10,Matemática,2022,,,,,,,,,,,66.14,0.6666666666666666,7.331111111111111,71.76
49,10,Matemática,2022,,,,68.98,,66.61,,,81.21,75.15,,0.8476190476190476,7.2485185185185195,69.47
47,10,Matemática,2022,,73.21,75.77,62.13,51.09,77.6,52.09,,82.04,,,0.8424657534246576,7.615588235294118,60.67
37,10,Matemática,2022,,,,,,,,,,,,0.9230769230769231,0.0,91.86
64,10,Matemática,2022,,,,81.76,,78.25,,,76.26,,,0.8421052631578947,7.549333333333333,56.8
55,10,Matemática,2022,,74.89,,,,70.63,,,,,,0.8695652173913043,6.495,79.17
56,10,Matemática,2022,,,,,66.09,,,,79.11,73.02,,0.810126582278481,7.396666666666668,77.64
58,10,Matemática,2022,,74.31,78.23,79.31,,82.87,82.97,63.83,83.08,80.88,72.63,0.8482758620689655,7.390882352941178,66.2
29,17,Física,2022,,95.78,91.47,,92.04,95.13,98.9,89.94,57.17,88.64,98.63,0.8156424581005587,7.770270270270268,57.69
4,17,Física,2022,,99.61,99.26,94.26,,99.01,,90.56,95.02,,,0.8620689655172413,7.520357142857144,96.6
34,17,Física,2022,,,,,,,,,,,,0.6666666666666666,8.75,96.64
10,17,Física,2022,,,,91.82,,,,87.58,,,,0.8823529411764706,8.688,91.43
35,17,Física,2022,,,,,,,,,,,,1.0,6.5825,98.49
6,17,Física,2022,,90.64,,,,,,,,92.98,,0.875,7.3621428571428575,53.87
31,17,Física,2022,,97.12,,,95.29,95.09,88.97,63.97,,,,0.9076923076923077,7.116874999999999,93.5
14,17,Física,2022,,,90.25,92.43,87.37,,,,91.9,,,0.8448275862068966,7.594583333333332,90.94
22,17,Física,2022,,87.99,,95.41,,,,,,,,0.859375,7.09111111111111,92.12
13,17,Física,2022,,92.06,93.96,92.53,91.47,99.37,58.34,93.17,89.36,98.27,95.31,0.8586387434554974,7.127391304347825,92.37
2,17,Física,2022,,,,,,,,,,,,0.8333333333333334,6.77,93.67
16,17,Física,2022,,,,,,,,,,,,0.9583333333333334,7.0725,98.46
11,17,Física,2022,,,,96.88,88.61,87.53,87.04,,,90.52,,0.8811881188118812,7.425238095238097,95.33
32,17,Física,2022,,,90.3,,,,,,,,,0.8846153846153846,7.676666666666667,99.71
9,17,Física,2022,,91.07,96.31,,92.86,,51.29,87.08,93.61,86.15,93.16,0.868421052631579,7.222972972972971,89.97
7,17,Física,2022,,,,91.18,91.35,89.58,94.69,,92.56,,,0.8303571428571429,7.815999999999998,97.72
15,17,Física,2022,,,,94.03,98.31,91.84,94.88,,92.42,,,0.8739495798319328,7.295151515151516,59.0
26,17,Física,2022,,96.27,,92.52,,93.62,89.77,88.6,87.18,51.32,91.73,0.8457142857142858,7.716333333333334,94.87
12,17,Física,2022,,63.73,,98.76,,92.61,91.24,95.79,,97.43,,0.8356164383561644,7.701818181818183,53.77
24,17,Física,2022,,96.75,91.55,96.48,86.1,,,,,92.15,95.79,0.8818181818181818,7.650967741935485,89.94
19,17,Física,2022,,96.68,,94.79,,61.97,93.75,91.56,54.19,,,0.8421052631578947,7.409142857142857,56.57
25,17,Física,2022,,,86.46,,89.45,,,55.72,90.94,,87.32,0.8055555555555556,8.15846153846154,99.66
30,17,Física,2022,,,94.53,99.93,,86.73,,,,94.38,,0.8951048951048951,7.200277777777779,93.09
21,17,Física,2022,,,,,53.1,89.78,90.87,60.94,,,,0.8292682926829268,7.725000000000001,87.78
3,17,Física,2022,,,99.08,,,,,,,,,0.8478260869565217,7.566666666666667,96.95
17,17,Física,2022,,,86.71,89.05,,57.77,,,90.22,88.1,87.56,0.8248175182481752,7.44829268292683,88.0
28,17,Física,2022,,,,,,,,,,,,0.7727272727272727,8.572,89.14
20,17,Física,2022,,95.33,98.01,91.28,90.51,97.07,97.31,94.71,89.45,91.09,98.3,0.8321678321678322,7.387837837837838,94.19
33,17,Física,2022,,,,,,51.57,,,,,87.83,0.9142857142857143,7.385000000000001,99.73
1,17,Física,2022,,94.07,,91.07,98.88,99.83,,99.27,,,,0.8495575221238938,7.387142857142858,93.44
5,17,Física,2022,,97.25,89.38,,96.51,96.41,,,,,,0.9037037037037037,8.215,87.8
18,17,Física,2022,,92.5,91.92,98.11,,,,96.14,,87.7,,0.9363636363636364,7.223684210526316,98.75
27,17,Física,2022,,91.16,89.64,93.6,87.19,96.25,64.04,90.95,58.68,90.44,94.91,0.8762886597938144,7.568260869565217,87.84
23,17,Física,2022,,,,,57.09,51.88,58.88,,58.03,,62.62,0.87,7.8628,54.7
8,17,Física,2022,,,,87.68,,,,,,97.11,,0.95,7.668000000000001,97.94
54,18,Física,2022,,77.76,,83.59,,,,,,,,0.8620689655172413,8.142,64.73
68,18,Física,2022,,,79.93,67.96,69.31,56.53,72.29,78.32,78.85,78.48,68.69,0.7913669064748201,7.333636363636361,82.09
51,18,Física,2022,,66.05,,82.63,70.09,60.67,,81.94,68.86,60.82,83.78,0.8699186991869918,7.804186046511629,71.5
70,18,Física,2022,,73.93,68.46,,83.14,76.24,82.57,62.1,69.89,,79.97,0.8235294117647058,7.977142857142857,80.38
52,18,Física,2022,,74.96,83.84,78.65,78.81,72.98,75.94,72.3,68.3,,54.4,0.890625,7.271153846153846,84.65
67,18,Física,2022,,80.56,76.85,,,,72.24,81.18,52.58,,67.9,0.82,7.3154545454545445,68.85
63,18,Física,2022,,,,,82.09,,,,75.58,,,0.8505747126436781,7.52107142857143,72.36
45,18,Física,2022,,,84.08,,,,80.2,,,,,0.8902439024390244,7.045499999999999,84.53
39,18,Física,2022,,,,,,,,,96.6,99.15,,0.8372093023255814,7.43923076923077,99.66
69,18,Física,2022,,,,,,,62.63,,,,,0.8222222222222222,7.133571428571429,55.08
36,18,Física,2022,,88.37,,54.83,,,,89.75,,,,0.8269230769230769,7.471052631578947,90.26
50,18,Física,2022,,61.89,,80.39,81.51,80.9,74.64,77.08,70.39,77.12,67.5,0.78125,7.521320754716979,84.78
60,18,Física,2022,,77.66,,,,,74.93,,68.37,,53.41,0.8389830508474576,7.414411764705882,79.93
66,18,Física,2022,,,,,,,,,,,,0.8,9.71,79.84
59,18,Física,2022,,,64.99,78.21,75.34,,77.3,69.33,82.75,,68.52,0.8623853211009175,7.412000000000001,72.16
65,18,Física,2022,,83.4,,73.23,82.11,69.08,,72.53,,69.48,58.41,0.8604651162790697,7.1594999999999995,68.27
62,18,Física,2022,,,,,,,,,,,,0.9285714285714286,7.886,80.68
44,18,Física,2022,,50.31,,58.76,,,,,50.57,,59.98,0.7540983606557377,6.720833333333334,42.14
42,18,Física,2022,,54.67,86.03,89.28,,88.47,97.38,97.47,97.8,93.21,62.46,0.8650306748466258,7.690270270270269,86.05
41,18,Física,2022,,98.76,,90.49,,,,,,,,0.851063829787234,7.600999999999999,86.26
46,18,Física,2022,,,,,,,,66.14,,67.26,,0.8412698412698413,8.264999999999999,80.15
40,18,Física,2022,,96.92,,,86.38,97.65,99.82,53.84,,86.89,,0.84,7.5425,89.79
43,18,Física,2022,,44.22,34.26,47.62,53.21,60.06,58.17,64.07,59.14,,51.92,0.824468085106383,7.36037037037037,51.98
53,18,Física,2022,,,,,,,,,,54.36,68.94,0.8846153846153846,6.711999999999999,77.76
38,18,Física,2022,,,,,,89.11,,,,,,0.8,7.475333333333334,89.75
48,18,Física,2022,,,72.1,,,61.52,72.88,77.15,,70.67,80.09,0.8161764705882353,7.697567567567567,66.88
57,18,Física,2022,,69.42,70.12,,79.96,,83.9,,72.07,,67.41,0.8601398601398601,7.284871794871795,74.61
61,18,Física,2022,,62.9,,,,,,,,,81.62,0.8166666666666667,7.534999999999999,80.93
49,18,Física,2022,,,,,,,,,,,,0.75,0.0,51.03
47,18,Física,2022,,,,,,81.12,,76.94,70.0,70.31,,0.782051282051282,7.371176470588234,83.52
37,18,Física,2022,,90.17,96.0,,99.16,98.22,93.72,94.51,90.06,95.93,88.58,0.896969696969697,7.358888888888887,90.82
64,18,Física,2022,,74.52,71.17,67.19,79.45,77.91,76.54,72.36,70.79,58.78,67.07,0.8888888888888888,7.620625000000001,77.42
55,18,Física,2022,,71.85,,70.89,67.03,,,80.0,81.77,,,0.7524752475247525,7.171000000000002,75.95
56,18,Física,2022,,77.63,69.05,66.97,77.9,70.17,67.77,59.69,67.38,57.74,,0.8775510204081632,7.388928571428572,78.09
58,18,Física,2022,,,,,,,,,,59.42,,0.8823529411764706,8.000769230769231,66.92
29,25,Química,2022,,,,52.95,,92.93,,,96.36,91.98,,0.8470588235294118,7.664499999999999,90.98
4,25,Química,2022,,91.61,97.46,98.08,89.39,,95.62,97.32,99.56,91.6,,0.8153846153846154,6.825333333333334,86.5
34,25,Química,2022,,,,,,,,,,97.09,,0.7647058823529411,7.890000000000001,87.07
10,25,Química,2022,,97.5,90.33,86.31,99.92,86.53,53.56,63.94,95.83,97.36,96.25,0.8418367346938775,7.577777777777779,99.47
35,25,Química,2022,,86.7,,,99.49,,86.49,96.98,57.08,,,0.8,7.471000000000001,93.68
6,25,Química,2022,,,,92.27,93.08,88.24,,,,,,0.7407407407407407,6.949999999999999,56.85
31,25,Química,2022,,87.82,94.02,86.48,,86.83,86.63,96.33,90.84,,,0.8842975206611571,7.493846153846154,88.06
14,25,Química,2022,,87.03,86.69,98.95,90.29,98.4,93.45,95.48,57.47,86.19,95.09,0.8469945355191257,7.4391891891891895,87.9
22,25,Química,2022,,,97.32,91.77,,88.19,,,98.06,55.47,97.99,0.8646616541353384,7.177837837837839,58.68
13,25,Química,2022,,,,,,,,,,,,0.9,8.445,64.08
2,25,Química,2022,,,,,,,96.29,,,,,0.7894736842105263,7.766,88.1
16,25,Química,2022,,,,,51.65,,,,,90.58,,0.9298245614035088,7.928999999999999,99.99
11,25,Química,2022,,88.3,56.81,90.15,86.0,,96.57,53.55,91.29,91.45,89.23,0.8311688311688312,7.496590909090909,90.83
32,25,Química,2022,,,97.57,92.58,,,89.36,56.25,,,,0.9357798165137615,7.413437499999999,62.62
9,25,Química,2022,,87.56,93.28,62.29,88.15,,,87.05,64.46,91.46,96.14,0.8873239436619719,7.521162790697672,97.75
7,25,Química,2022,,90.99,,92.97,,,,53.89,97.97,93.94,93.57,0.8731343283582089,7.147894736842104,60.99
15,25,Química,2022,,86.76,,88.65,91.12,,,94.06,,57.65,96.95,0.8461538461538461,7.4394117647058815,98.03
26,25,Química,2022,,96.94,,,91.44,,,96.21,,,,0.9080459770114943,6.7200000000000015,96.92
12,25,Química,2022,,,99.27,99.5,91.9,86.14,93.33,90.11,,88.08,,0.8627450980392157,7.446818181818181,91.25
24,25,Química,2022,,53.89,86.53,98.35,98.63,93.33,92.91,87.19,,59.51,94.18,0.8659217877094972,7.521063829787235,64.05
19,25,Química,2022,,90.23,89.22,64.98,,,59.49,52.43,,,98.54,0.8434782608695652,7.191481481481482,93.26
25,25,Química,2022,,51.1,,95.83,,89.39,,,,,,0.8089887640449438,7.5752,99.39
30,25,Química,2022,,59.13,,99.02,98.36,53.81,89.11,99.36,95.91,92.27,,0.8397435897435898,7.740731707317074,99.31
21,25,Química,2022,,95.57,91.49,97.43,55.11,93.64,94.83,,,95.59,92.34,0.8,7.682058823529413,64.08
3,25,Química,2022,,,91.54,94.53,91.29,87.52,,91.32,89.95,98.74,87.71,0.8258064516129032,7.64794871794872,95.4
17,25,Química,2022,,,,,,,,,,,,0.0,0.0,87.08
28,25,Química,2022,,,,96.34,93.68,,,,,,97.45,0.9166666666666666,6.71047619047619,89.22
20,25,Química,2022,,,,,,,,,,,,0.7142857142857143,7.87875,57.81
33,25,Química,2022,,88.63,,,,,,,98.01,,97.35,0.8738738738738738,6.974642857142858,99.17
1,25,Química,2022,,,,,,,,91.82,91.76,,,0.925,7.042,95.43
5,25,Química,2022,,94.28,86.3,,60.31,96.24,,,,,,0.8245614035087719,7.135000000000001,99.84
18,25,Química,2022,,89.49,98.88,98.02,92.21,,96.92,52.29,86.67,94.84,98.75,0.8413793103448276,7.752340425531915,94.08
27,25,Química,2022,,,,,,,,,64.42,,92.96,0.8805970149253731,7.462352941176469,86.21
23,25,Química,2022,,,,51.86,64.82,,52.85,,,,60.75,0.8314606741573034,7.863043478260867,42.93
8,25,Química,2022,,99.2,94.36,87.4,88.29,88.95,89.81,94.93,90.97,91.25,96.52,0.847682119205298,7.2723076923076935,94.0
54,26,Química,2022,,,,,,,,,,,,0.8095238095238095,7.808333333333334,79.49
68,26,Química,2022,,,68.56,,,,,,,,,0.8888888888888888,6.592727272727274,82.21
51,26,Química,2022,,67.07,67.35,,63.57,66.25,,73.15,67.25,,52.46,0.84,7.312142857142857,67.36
70,26,Química,2022,,,,,,,64.15,,,,,0.8285714285714286,7.739090909090908,81.82
52,26,Química,2022,,76.89,74.09,72.62,66.13,66.15,78.63,69.23,75.23,,,0.8742138364779874,7.836944444444445,82.14
67,26,Química,2022,,66.18,,66.32,,76.86,,78.57,75.1,,,0.8373493975903614,7.882105263157894,81.22
63,26,Química,2022,,,,,,,,,,,,0.75,7.444615384615385,77.84
45,26,Química,2022,,,84.21,,,72.72,66.29,,57.33,79.85,68.51,0.8206896551724138,7.222857142857141,73.02
39,26,Química,2022,,,,90.49,,,,,,,,0.7611940298507462,7.622,51.6
69,26,Química,2022,,,80.14,,,81.79,,72.0,,,,0.8170731707317073,7.655714285714285,71.01
36,26,Química,2022,,55.67,,,92.08,,87.38,91.14,88.55,95.53,88.15,0.8461538461538461,7.2196875,95.15
50,26,Química,2022,,,74.47,75.91,83.61,79.8,73.61,79.38,77.15,77.42,,0.896551724137931,7.356249999999998,83.06
60,26,Química,2022,,,,,76.61,,,,,,,0.75,8.057272727272727,70.37
66,26,Química,2022,,74.25,80.43,77.36,77.66,81.56,77.92,74.69,72.0,67.15,83.59,0.8418367346938775,7.889696969696967,72.2
59,26,Química,2022,,77.39,,82.68,75.15,,80.78,,,,,0.8070175438596491,7.261363636363637,78.49
65,26,Química,2022,,69.98,,,69.0,,,77.84,,,,0.8773584905660378,7.371200000000001,81.43
62,26,Química,2022,,,,82.89,,81.01,,,75.77,,69.55,0.8524590163934426,7.16235294117647,76.85
44,26,Química,2022,,,,59.02,57.49,,,,,,,0.8070175438596491,8.002857142857144,45.63
42,26,Química,2022,,,98.23,,91.49,99.75,99.79,98.88,98.77,87.27,,0.8602941176470589,7.617567567567568,98.86
41,26,Química,2022,,91.8,88.97,95.24,,90.58,94.35,88.92,91.3,,97.96,0.8591549295774648,7.778285714285713,99.66
46,26,Química,2022,,,71.69,,,,,,,,,0.8260869565217391,7.205333333333334,69.45
40,26,Química,2022,,54.0,95.04,87.87,,87.93,89.32,99.08,91.49,98.45,,0.8549618320610687,7.2778125000000005,94.83
43,26,Química,2022,,,,,,,55.58,,,,62.63,0.8676470588235294,7.453125,49.82
53,26,Química,2022,,,64.69,68.17,,73.7,,,51.8,,79.51,0.8494623655913979,7.1788235294117655,67.97
38,26,Química,2022,,,,,,,,,,,,0.0,0.0,95.27
48,26,Química,2022,,67.08,,69.56,72.66,54.86,70.8,,66.35,,76.52,0.8395061728395061,7.739375000000002,84.48
57,26,Química,2022,,79.58,74.15,83.31,,,,77.95,,,,0.851063829787234,7.09421052631579,57.3
61,26,Química,2022,,,77.03,,67.6,,,76.54,,,71.66,0.8113207547169812,8.140666666666666,71.98
49,26,Química,2022,,82.73,67.29,,70.77,,66.34,84.95,59.12,72.56,,0.8368794326241135,7.601891891891891,68.42
47,26,Química,2022,,,,,,,,,,82.19,,0.9,7.196666666666668,69.73
37,26,Química,2022,,,,,89.91,,,,,,,0.8,7.938571428571429,95.43
64,26,Química,2022,,66.3,,72.84,,73.82,,84.96,75.95,61.95,,0.898876404494382,7.449130434782607,76.95
55,26,Química,2022,,79.7,74.03,79.46,,78.12,72.36,73.18,,,,0.9156626506024096,7.905416666666665,66.01
56,26,Química,2022,,,,,,,,,,,,0.88,6.78,68.13
58,26,Química,2022,,,74.17,80.99,,80.56,,,76.55,51.1,77.11,0.823943661971831,8.12741935483871,68.0
29,33,Inglés,2022,,,93.14,51.17,,,,,,,95.5,0.8571428571428571,7.343000000000001,90.06
4,33,Inglés,2022,,,,,,,94.45,,,,,0.8571428571428571,8.39,95.97
34,33,Inglés,2022,,98.55,95.5,52.01,98.31,92.97,94.43,88.09,88.41,88.03,99.69,0.8835978835978836,7.542553191489363,98.25
10,33,Inglés,2022,,,,,,98.21,,,90.48,,87.43,0.8380952380952381,7.318888888888888,98.61
35,33,Inglés,2022,,,,91.69,86.63,,,95.1,97.21,,,0.8333333333333334,6.926666666666666,92.82
6,33,Inglés,2022,,53.33,88.62,55.46,89.59,95.38,89.68,99.57,96.01,92.94,95.86,0.900523560209424,7.464081632653063,89.13
31,33,Inglés,2022,,98.48,,93.08,,,90.97,92.93,,,,0.8791208791208791,8.109,92.24
14,33,Inglés,2022,,,,,,,,98.99,,,,0.9444444444444444,7.9866666666666655,92.69
22,33,Inglés,2022,,,,,,86.59,,,,,,1.0,7.76,91.68
13,33,Inglés,2022,,87.25,99.12,93.59,,96.88,92.37,,,91.92,92.7,0.8466257668711656,7.282702702702704,88.09
2,33,Inglés,2022,,,97.34,94.87,87.02,,97.02,,,,,0.725,6.531999999999999,96.33
16,33,Inglés,2022,,,,,,94.84,52.45,,91.79,,,0.7837837837837838,7.9325,93.36
11,33,Inglés,2022,,,,,,,,,,,,1.0,8.38,87.58
32,33,Inglés,2022,,96.64,86.0,57.28,95.7,91.69,98.37,97.34,89.18,,86.53,0.8563829787234043,7.33195652173913,62.61
9,33,Inglés,2022,,99.74,,54.52,,,,,91.45,62.46,91.71,0.8064516129032258,8.03111111111111,97.17
7,33,Inglés,2022,,,,,,96.06,,99.32,,,,0.8867924528301887,6.830625,52.45
15,33,Inglés,2022,,97.58,90.14,94.92,,89.8,,,89.89,94.46,,0.8689655172413793,7.721333333333334,95.09
26,33,Inglés,2022,,90.19,98.49,98.77,53.51,95.13,94.12,64.39,96.67,63.81,99.22,0.8601036269430051,7.507441860465115,91.81
12,33,Inglés,2022,,95.26,,95.97,91.99,96.54,93.79,52.26,61.05,95.27,89.16,0.8548387096774194,7.41272727272727,99.25
24,33,Inglés,2022,,,62.91,,,87.52,,,,,86.72,0.8,7.4457894736842105,89.92
19,33,Inglés,2022,,62.22,,,,93.71,,95.9,,,90.08,0.8888888888888888,7.575999999999999,98.62
25,33,Inglés,2022,,,,,,,,53.99,98.25,,,0.8333333333333334,7.251428571428572,91.92
30,33,Inglés,2022,,,,,,,,86.45,,,97.86,0.9134615384615384,8.169047619047618,88.15
21,33,Inglés,2022,,54.58,,86.12,,,56.27,,,,,0.7833333333333333,7.154615384615385,94.05
3,33,Inglés,2022,,86.68,99.71,96.22,,86.68,,87.24,57.56,89.91,89.9,0.8581560283687943,7.248684210526315,97.22
17,33,Inglés,2022,,93.68,97.82,94.15,96.54,,,89.53,94.41,,97.25,0.81,7.5942307692307685,86.82
28,33,Inglés,2022,,,97.11,,,,,,,,,0.8666666666666667,8.6375,90.57
20,33,Inglés,2022,,92.12,91.52,98.06,96.37,88.1,99.09,96.17,87.83,89.41,99.71,0.8042328042328042,7.6318604651162785,61.98
33,33,Inglés,2022,,88.01,89.54,,86.41,51.94,87.75,97.27,96.32,99.54,99.24,0.8518518518518519,7.552352941176468,91.03
1,33,Inglés,2022,,,52.85,97.8,94.99,,92.07,91.79,,,53.23,0.8514851485148515,7.523478260869566,98.39
5,33,Inglés,2022,,88.34,57.15,90.98,91.94,60.31,,99.67,93.73,97.97,93.7,0.8662420382165605,7.739999999999998,93.85
18,33,Inglés,2022,,92.03,87.01,87.21,99.23,93.05,,97.79,98.08,95.59,94.94,0.8787878787878788,7.932352941176468,98.73
27,33,Inglés,2022,,,,,,,,,,,,1.0,0.0,99.42
23,33,Inglés,2022,,37.48,33.24,54.59,50.41,60.41,63.76,63.95,64.2,60.99,52.89,0.819672131147541,7.598571428571428,35.25
8,33,Inglés,2022,,,,,,,,,,,,0.875,9.45,87.47
54,34,Inglés,2022,,,71.78,67.32,,,,77.46,81.07,69.76,71.48,0.9166666666666666,7.020833333333333,80.68
68,34,Inglés,2022,,,,,80.55,,68.76,80.53,72.52,66.65,,0.821917808219178,7.641904761904764,83.5
51,34,Inglés,2022,,80.72,55.23,81.94,73.05,66.21,68.23,83.05,69.77,84.56,85.0,0.8711340206185567,7.479454545454544,83.3
70,34,Inglés,2022,,,77.79,58.86,69.16,,,,73.01,,,0.8947368421052632,7.098888888888888,77.63
52,34,Inglés,2022,,,84.43,,,,,,,,,0.8333333333333334,6.966666666666666,82.07
67,34,Inglés,2022,,78.59,60.23,,,,,,,,,0.8080808080808081,7.1494117647058815,60.23
63,34,Inglés,2022,,,80.96,74.49,,67.23,,,77.44,73.61,79.87,0.8823529411764706,7.29275,84.34
45,34,Inglés,2022,,70.01,,,,,73.44,82.09,79.13,83.65,,0.8681318681318682,7.664482758620689,78.41
39,34,Inglés,2022,,,58.46,,88.75,,90.46,,,,,0.9310344827586207,7.133571428571429,56.62
69,34,Inglés,2022,,62.53,,,,68.05,,,,,,0.6896551724137931,7.8500000000000005,66.91
36,34,Inglés,2022,,58.05,90.53,,52.68,,87.45,56.28,86.45,57.26,87.25,0.867816091954023,7.358666666666665,86.28
50,34,Inglés,2022,,,69.27,54.63,71.39,79.84,77.39,67.06,53.55,69.15,75.18,0.8219895287958116,7.788999999999999,76.23
60,34,Inglés,2022,,83.28,72.11,84.1,73.32,73.06,76.6,,,82.62,81.19,0.8509316770186336,7.699473684210528,80.81
66,34,Inglés,2022,,,,,,,,,,,,0.8461538461538461,7.261666666666667,73.83
59,34,Inglés,2022,,,,,69.04,78.41,74.56,,70.72,,,0.8783783783783784,7.537857142857142,69.41
65,34,Inglés,2022,,,,,,,,,,,,0.7647058823529411,8.21,79.66
62,34,Inglés,2022,,,,84.32,,,,,79.03,72.44,71.66,0.8170731707317073,7.704090909090907,80.54
44,34,Inglés,2022,,42.54,,57.49,60.72,63.02,55.15,64.92,50.36,,59.29,0.8387096774193549,7.4176315789473675,41.68
42,34,Inglés,2022,,,89.8,,95.36,,,,,,,0.8571428571428571,7.54142857142857,92.17
41,34,Inglés,2022,,,60.13,,,,,,95.42,,,0.8470588235294118,7.073214285714286,93.19
46,34,Inglés,2022,,,,,74.79,,,,,,79.7,0.7954545454545454,7.111,73.53
40,34,Inglés,2022,,93.89,,99.89,93.48,89.78,98.4,91.2,61.18,90.55,94.97,0.8351063829787234,7.81125,95.89
43,34,Inglés,2022,,51.72,30.29,58.04,,62.74,57.83,61.3,59.65,57.16,50.83,0.8861788617886179,7.541999999999999,35.05
53,34,Inglés,2022,,69.86,,55.45,,,,79.54,,67.09,,0.8769230769230769,7.2225,77.46
38,34,Inglés,2022,,,,,,99.8,,,,,,0.8461538461538461,8.1325,95.11
48,34,Inglés,2022,,69.91,,,,,,,,,,0.84,7.35,78.99
57,34,Inglés,2022,,72.97,84.45,70.38,84.96,,67.09,73.65,83.51,77.99,62.99,0.7976190476190477,7.253469387755101,81.51
61,34,Inglés,2022,,,,,,,77.3,,,,,0.8181818181818182,8.86,82.91
49,34,Inglés,2022,,,,,,,,,71.64,,,0.9166666666666666,8.11125,64.62
47,34,Inglés,2022,,68.76,51.18,70.64,83.79,84.74,69.33,80.97,75.67,71.36,76.8,0.8505154639175257,7.464390243902439,78.43
37,34,Inglés,2022,,,,,97.61,,,90.27,,,,0.8548387096774194,7.592380952380951,96.76
64,34,Inglés,2022,,79.36,68.19,71.17,70.59,77.95,,,,73.68,74.85,0.8613138686131386,7.32206896551724,68.05
55,34,Inglés,2022,,67.41,79.82,83.17,60.97,66.05,,,70.6,,,0.8235294117647058,7.600303030303032,72.33
56,34,Inglés,2022,,,66.13,81.72,79.71,67.1,74.92,79.8,52.36,73.29,71.77,0.918918918918919,7.4537499999999985,79.99
58,34,Inglés,2022,,71.04,72.44,,82.82,76.3,58.69,59.75,74.47,82.75,76.47,0.8666666666666667,7.549166666666666,80.4
29,43,Lenguaje,2023,,,,,,,,,,,,0.8888888888888888,7.787999999999999,77.08
4,43,Lenguaje,2023,,,94.29,,,,,70.43,,,75.34,0.8380952380952381,7.016818181818182,92.36
34,43,Lenguaje,2023,,,,,,,,,,,,0.9375,7.71,87.45
10,43,Lenguaje,2023,,95.74,97.67,98.06,74.56,89.09,80.15,67.04,81.71,77.54,67.34,0.9030612244897959,7.621666666666667,66.26
35,43,Lenguaje,2023,,81.79,77.79,70.36,84.15,68.3,,,93.41,72.38,,0.8263888888888888,7.4056097560975624,82.61
6,43,Lenguaje,2023,,,,,,54.52,,,56.25,,,0.0,0.0,62.72
31,43,Lenguaje,2023,,,,,79.92,,99.85,,,,,0.8870967741935484,7.486666666666666,97.55
14,43,Lenguaje,2023,,96.83,,,,,,,,,,1.0,7.659999999999999,81.21
22,43,Lenguaje,2023,,90.66,87.48,91.61,96.95,87.17,76.3,68.88,83.9,,67.15,0.8232044198895028,7.851521739130435,88.11
13,43,Lenguaje,2023,,68.21,89.0,77.06,76.73,84.73,99.69,91.77,86.21,87.49,69.55,0.8486486486486486,7.785102040816329,78.16
2,43,Lenguaje,2023,,,,,87.42,,,,,,,1.0,8.81,87.0
16,43,Lenguaje,2023,,,,66.88,,,,70.99,75.05,88.39,,0.9242424242424242,7.655384615384615,92.98
11,43,Lenguaje,2023,,,,,,68.72,,,,,69.2,0.8543689320388349,7.414666666666665,84.71
32,43,Lenguaje,2023,,87.59,71.26,76.2,74.14,90.17,81.55,68.48,71.47,80.83,,0.8211920529801324,7.274,96.62
9,43,Lenguaje,2023,,73.03,95.04,80.7,94.86,97.99,,74.94,,,,0.9072847682119205,8.389411764705885,74.53
7,43,Lenguaje,2023,,67.91,71.2,,,84.72,,,85.31,84.62,82.29,0.8515625,6.8847619047619055,70.84
15,43,Lenguaje,2023,,,,,,,,,,,,1.0,0.0,91.06
26,43,Lenguaje,2023,,83.92,,90.17,,81.25,,,,95.46,69.94,0.81875,7.673207547169808,71.81
12,43,Lenguaje,2023,,,89.61,77.78,,,,,,,,0.825,7.60076923076923,92.33
24,43,Lenguaje,2023,,99.27,79.24,74.98,82.06,78.57,84.94,84.17,83.6,96.85,71.44,0.8846153846153846,7.5740816326530584,70.4
19,43,Lenguaje,2023,,,,,,,,,,,,0.8571428571428571,6.61,94.18
25,43,Lenguaje,2023,,86.61,,93.33,,95.92,,76.21,,91.51,,0.8703703703703703,7.982000000000001,68.52
30,43,Lenguaje,2023,,68.43,71.83,67.83,67.85,82.4,95.05,80.73,84.22,93.71,66.62,0.8709677419354839,7.583243243243243,98.97
21,43,Lenguaje,2023,,80.72,88.11,92.24,94.2,72.29,99.09,72.52,94.09,77.59,86.83,0.8711340206185567,7.185909090909087,97.91
3,43,Lenguaje,2023,,88.03,,87.63,,66.67,,,,,,0.7608695652173914,7.8275000000000015,97.94
17,43,Lenguaje,2023,,88.84,88.65,,82.04,99.2,66.43,,80.86,95.15,82.26,0.8541666666666666,7.5070588235294125,81.47
28,43,Lenguaje,2023,,66.65,,75.21,,73.55,99.96,,87.15,,88.21,0.8671328671328671,7.459696969696969,97.92
20,43,Lenguaje,2023,,,,,66.33,,93.12,89.14,,,90.02,0.8852459016393442,7.168333333333333,94.84
33,43,Lenguaje,2023,,,78.92,,71.47,80.86,86.63,,,,,0.8414634146341463,7.354285714285714,98.17
1,43,Lenguaje,2023,,,83.67,97.78,97.74,82.79,,,,,,0.8648648648648649,8.000625000000001,91.66
5,43,Lenguaje,2023,,78.31,99.55,,75.31,78.18,92.5,,,93.35,69.08,0.7933884297520661,7.627435897435901,83.55
18,43,Lenguaje,2023,,89.15,95.15,82.35,84.29,67.31,,95.17,75.52,89.24,97.15,0.9194630872483222,7.693030303030303,67.37
27,43,Lenguaje,2023,,90.65,95.23,,69.25,77.32,81.37,83.62,72.96,66.3,81.25,0.839572192513369,7.539999999999997,72.5
8,43,Lenguaje,2023,,92.23,84.42,78.88,89.62,70.34,87.06,,86.27,99.18,82.27,0.8430232558139535,7.518888888888887,80.88
54,44,Lenguaje,2023,,94.88,,,,,,,,80.94,,0.8873239436619719,8.520999999999999,72.25
68,44,Lenguaje,2023,,,,,,,,,,96.83,85.46,0.821917808219178,7.422941176470586,69.11
51,44,Lenguaje,2023,,74.74,94.9,,74.7,73.46,,99.96,74.42,,68.06,0.8323353293413174,7.840175438596488,70.47
70,44,Lenguaje,2023,,,,,,,,77.41,77.23,,,0.8333333333333334,7.690666666666668,82.71
52,44,Lenguaje,2023,,,,,,,,,,,,0.8064516129032258,7.661666666666666,84.99
67,44,Lenguaje,2023,,73.94,74.86,71.71,70.93,66.59,88.21,66.07,88.65,95.86,95.17,0.847953216374269,7.684651162790701,84.64
63,44,Lenguaje,2023,,76.3,,,,,,81.71,99.32,,,0.9459459459459459,8.02625,72.66
45,44,Lenguaje,2023,,93.28,,98.53,,99.24,90.7,70.74,95.23,91.64,95.46,0.8689655172413793,7.399230769230767,92.16
39,44,Lenguaje,2023,,81.52,91.01,87.99,,78.91,86.35,81.1,84.9,95.16,81.94,0.9064327485380117,7.055135135135134,84.87
69,44,Lenguaje,2023,,,,,,,,,,,,0.0,0.0,51.86
36,44,Lenguaje,2023,,,,,56.65,58.47,60.86,,66.09,58.86,60.7,0.0,0.0,65.09
50,44,Lenguaje,2023,,,,,,91.62,,,,,67.18,0.8787878787878788,7.314285714285715,86.56
60,44,Lenguaje,2023,,99.49,75.99,99.71,88.6,,70.06,72.98,83.33,80.78,87.97,0.875,7.559736842105263,85.86
66,44,Lenguaje,2023,,,,,,97.1,,,74.61,70.59,66.23,0.8888888888888888,6.792222222222222,88.9
59,44,Lenguaje,2023,,,,,,,,,,85.65,,0.8,7.984444444444445,70.49
65,44,Lenguaje,2023,,,,,,,91.28,,77.49,,,0.8235294117647058,8.302499999999998,85.85
62,44,Lenguaje,2023,,94.83,,,,87.5,,,74.3,,,0.905982905982906,7.697368421052632,69.04
42,44,Lenguaje,2023,,,,,,,,,,,,0.6666666666666666,7.686666666666666,87.97
41,44,Lenguaje,2023,,,,,,,,,,,,0.8620689655172413,7.522857142857142,68.57
46,44,Lenguaje,2023,,96.27,87.7,94.01,,,66.02,91.64,91.51,75.99,94.15,0.8616352201257862,7.421041666666668,74.35
40,44,Lenguaje,2023,,,,,,,,,,,99.23,0.8214285714285714,7.677142857142856,73.57
53,44,Lenguaje,2023,,,,,,,,,,,,0.8571428571428571,7.95,82.71
38,44,Lenguaje,2023,,69.17,99.6,91.81,95.56,66.55,,66.0,99.94,69.16,70.86,0.8397790055248618,7.632142857142857,70.54
48,44,Lenguaje,2023,,70.26,91.88,72.81,93.38,79.4,97.46,,84.01,,91.26,0.8333333333333334,7.6454,84.88
57,44,Lenguaje,2023,,77.76,77.49,,,69.93,81.51,94.92,,89.98,,0.8869565217391304,7.6076,89.48
61,44,Lenguaje,2023,,,66.4,99.26,,86.72,99.52,,,,96.33,0.9047619047619048,7.536774193548388,92.65
49,44,Lenguaje,2023,,,,,91.29,,,,,,,1.0,6.953333333333333,92.24
47,44,Lenguaje,2023,,,95.73,,,94.25,,,,73.08,,0.8717948717948718,7.547692307692307,99.84
37,44,Lenguaje,2023,,84.93,96.49,70.62,86.53,84.39,77.18,95.66,84.42,,82.87,0.8098159509202454,7.326666666666665,75.23
64,44,Lenguaje,2023,,,,,,,75.89,,86.56,,75.88,0.8333333333333334,7.611428571428571,84.99
55,44,Lenguaje,2023,,92.92,,,,,,96.29,73.97,72.93,84.52,0.8545454545454545,7.5218181818181815,84.09
56,44,Lenguaje,2023,,,,,97.78,80.84,,,,69.28,90.19,0.8666666666666667,7.2078260869565245,91.6
58,44,Lenguaje,2023,,74.02,90.8,,84.57,80.03,91.43,85.29,,79.22,,0.8467153284671532,7.66,77.78
29,51,Matemática,2023,,75.88,74.26,78.43,,69.09,98.63,,67.23,90.08,82.53,0.9030303030303031,7.45953488372093,68.17
4,51,Matemática,2023,,,,,,,,,,,,0.8823529411764706,7.108,92.52
34,51,Matemática,2023,,89.92,,,84.53,,74.44,89.23,,68.36,99.91,0.7804878048780488,7.965294117647058,75.65
10,51,Matemática,2023,,95.23,77.62,94.89,81.5,97.53,73.55,71.2,,72.29,81.63,0.8461538461538461,7.66891891891892,89.56
35,51,Matemática,2023,,69.75,,,67.59,86.77,,85.87,73.4,,,0.8849557522123894,7.588333333333334,98.2
6,51,Matemática,2023,,,43.25,47.06,38.98,39.66,33.63,50.73,,40.54,33.23,0.0,0.0,46.24
31,51,Matemática,2023,,86.62,72.82,72.73,75.66,73.84,82.4,95.88,66.97,68.78,86.94,0.8702702702702703,7.521739130434782,83.61
14,51,Matemática,2023,,,,67.78,,87.8,,,93.2,,,0.8275862068965517,7.732499999999999,69.13
22,51,Matemática,2023,,,,,76.34,,,,66.27,,74.6,0.8235294117647058,6.843076923076922,85.44
13,51,Matemática,2023,,72.78,70.23,77.68,81.73,,92.46,73.6,,92.83,97.41,0.802547770700637,7.291081081081081,71.94
2,51,Matemática,2023,,94.44,,,73.59,69.29,,,77.29,,94.17,0.8584905660377359,7.754000000000001,76.06
16,51,Matemática,2023,,,,,,,,,,,,0.6875,7.996666666666667,90.89
11,51,Matemática,2023,,71.16,,,,,68.86,,,83.29,73.66,0.8076923076923077,8.065714285714286,92.6
32,51,Matemática,2023,,,,,81.21,,,,,,,0.8108108108108109,7.765,73.13
9,51,Matemática,2023,,,,84.64,,,76.8,,95.84,,,0.8571428571428571,7.809999999999999,83.19
7,51,Matemática,2023,,76.07,,,,80.8,89.32,82.37,91.71,90.08,,0.8389830508474576,7.508749999999999,92.51
15,51,Matemática,2023,,67.29,69.45,98.04,,,,82.32,,,,0.8955223880597015,7.49470588235294,70.42
26,51,Matemática,2023,,,81.37,,,82.62,80.43,82.29,,,,0.8108108108108109,7.8095,96.95
12,51,Matemática,2023,,81.5,77.05,98.34,66.25,83.42,72.31,81.17,,,81.65,0.9105691056910569,7.382424242424241,85.9
24,51,Matemática,2023,,,,,,74.52,98.44,73.81,,,78.46,0.8317757009345794,6.984482758620688,66.65
19,51,Matemática,2023,,,80.78,,66.53,,78.2,,,,,0.9433962264150944,6.540714285714287,67.72
25,51,Matemática,2023,,72.49,,,71.46,,,,,,84.06,0.8108108108108109,7.377142857142858,91.34
30,51,Matemática,2023,,80.5,,70.16,,78.03,,80.8,86.53,74.65,,0.7880794701986755,7.686176470588235,98.51
21,51,Matemática,2023,,73.42,96.22,85.51,75.3,,,71.7,77.12,,79.98,0.8617021276595744,7.3436,94.55
3,51,Matemática,2023,,,95.75,,,,86.21,,81.68,,67.87,0.8793103448275862,7.029166666666666,82.23
17,51,Matemática,2023,,83.54,,67.19,67.0,89.06,98.23,70.11,90.67,77.63,78.95,0.8323699421965318,7.558095238095236,89.24
28,51,Matemática,2023,,86.28,,,,98.73,,,95.04,,,0.8679245283018868,7.465833333333333,69.5
20,51,Matemática,2023,,,81.02,81.49,84.65,76.39,78.46,98.57,73.77,84.31,79.6,0.8465909090909091,7.339761904761906,98.54
33,51,Matemática,2023,,,,92.46,73.8,,,,82.02,,,0.7037037037037037,7.748749999999999,98.67
1,51,Matemática,2023,,75.66,90.37,72.63,95.88,98.51,78.46,77.62,98.46,80.72,86.54,0.8685714285714285,7.705102040816326,80.88
5,51,Matemática,2023,,,,,,73.17,66.38,,86.4,,82.59,0.8333333333333334,7.844444444444444,79.06
18,51,Matemática,2023,,95.6,69.57,,75.93,66.98,87.17,84.85,98.09,,78.1,0.8392857142857143,8.151538461538461,87.53
27,51,Matemática,2023,,84.14,75.76,90.48,84.46,91.99,71.16,68.27,88.38,98.78,76.33,0.8235294117647058,7.515813953488373,79.44
8,51,Matemática,2023,,66.54,,96.62,70.18,86.46,91.62,70.48,,,,0.8913043478260869,7.41217391304348,66.01
54,52,Matemática,2023,,,79.69,,,96.38,,,,90.37,72.56,0.8646616541353384,8.023823529411764,95.98
68,52,Matemática,2023,,90.26,96.58,,78.36,,,,75.06,,98.08,0.8909090909090909,7.523214285714286,89.41
51,52,Matemática,2023,,87.95,,88.44,,93.73,84.67,85.36,72.13,83.67,,0.8623188405797102,7.546382978723406,71.15
70,52,Matemática,2023,,71.27,78.82,,98.89,84.66,,,92.79,71.15,76.36,0.8363636363636363,7.235333333333332,78.19
52,52,Matemática,2023,,67.36,97.39,91.59,94.76,76.76,81.78,,75.81,72.02,69.56,0.8287671232876712,7.504615384615383,87.99
67,52,Matemática,2023,,79.41,91.13,97.71,66.75,70.87,,,87.14,,84.22,0.7983870967741935,7.563939393939392,77.07
63,52,Matemática,2023,,,,,,,,,73.64,,,0.8461538461538461,6.46,79.42
45,52,Matemática,2023,,,84.94,74.64,81.74,97.93,,80.54,78.46,,81.75,0.8832116788321168,7.724999999999999,68.02
39,52,Matemática,2023,,92.17,,84.68,78.3,93.11,66.08,88.25,93.24,82.36,66.5,0.8829787234042553,7.524468085106385,99.5
69,52,Matemática,2023,,44.13,,47.05,47.98,37.06,37.97,54.1,38.43,44.82,38.58,0.0,0.0,41.47
36,52,Matemática,2023,,52.71,,,,44.96,,,,39.07,,0.0,0.0,44.73
50,52,Matemática,2023,,69.83,87.91,,98.13,75.69,92.68,67.02,,74.99,95.14,0.864406779661017,7.192499999999999,94.48
60,52,Matemática,2023,,,,,,,,,,,,0.8,7.736666666666667,80.51
66,52,Matemática,2023,,83.27,83.06,,94.47,89.69,87.36,77.66,88.83,72.81,89.97,0.8465909090909091,7.813333333333332,80.12
59,52,Matemática,2023,,85.94,98.64,99.17,,,75.38,91.61,,,,0.8613861386138614,7.695624999999999,89.88
65,52,Matemática,2023,,92.61,71.86,,86.61,,,87.02,,92.79,98.06,0.8223684210526315,7.369714285714285,96.5
62,52,Matemática,2023,,66.02,84.82,72.77,85.02,90.77,88.29,95.85,94.66,83.47,71.9,0.8681318681318682,7.463500000000001,78.38
42,52,Matemática,2023,,,,94.59,,,,,,,,0.6666666666666666,8.34,88.02
41,52,Matemática,2023,,84.82,73.59,80.66,,,,68.21,80.01,,66.86,0.8734177215189873,7.298484848484849,98.96
46,52,Matemática,2023,,71.87,,91.51,77.43,87.22,89.08,71.35,74.41,66.58,,0.875,7.7627906976744185,82.7
40,52,Matemática,2023,,92.79,,72.3,68.49,,,94.8,,,66.85,0.8206896551724138,7.361142857142856,74.73
53,52,Matemática,2023,,,76.44,,75.93,95.01,74.1,78.98,,75.5,75.35,0.8666666666666667,7.33,80.6
38,52,Matemática,2023,,84.65,79.45,69.62,83.03,94.18,,,81.01,98.15,95.24,0.852760736196319,7.596410256410259,82.4
48,52,Matemática,2023,,,,,,,,,,80.12,,0.6666666666666666,7.795,77.84
57,52,Matemática,2023,,90.98,,,,,73.07,,69.84,,,0.8679245283018868,7.931428571428573,75.51
61,52,Matemática,2023,,79.47,96.53,78.03,70.89,87.59,95.72,,88.54,98.84,73.64,0.8387096774193549,7.434363636363639,71.27
49,52,Matemática,2023,,72.21,,96.62,94.37,66.56,74.16,68.23,71.14,87.63,,0.8898305084745762,7.557857142857141,92.74
47,52,Matemática,2023,,,,,97.87,,,,76.07,79.82,98.13,0.8524590163934426,7.319411764705883,99.58
37,52,Matemática,2023,,,,,85.64,,82.37,,,,68.44,0.90625,7.490588235294117,74.39
64,52,Matemática,2023,,69.4,77.71,78.56,,85.87,,,91.25,99.32,79.04,0.8454545454545455,7.339666666666668,79.07
55,52,Matemática,2023,,95.36,94.94,87.43,66.86,73.38,87.45,86.43,73.31,68.73,69.81,0.8848484848484849,7.467551020408165,75.7
56,52,Matemática,2023,,72.64,76.76,90.34,84.7,83.39,72.71,70.89,93.78,86.78,84.01,0.8453038674033149,7.646200000000001,71.04
58,52,Matemática,2023,,,,96.55,84.08,98.75,84.32,81.44,83.3,72.76,93.24,0.8367346938775511,7.342307692307693,86.58
29,59,Física,2023,,,,,,,,,,,,0.75,9.115,75.0
4,59,Física,2023,,74.33,73.56,71.07,87.89,72.18,98.63,66.35,70.61,88.76,85.41,0.8489583333333334,7.746744186046512,69.24
34,59,Física,2023,,,79.46,86.81,66.92,,,78.37,84.2,76.01,79.67,0.835820895522388,7.362413793103447,78.6
10,59,Física,2023,,,69.23,,,68.71,78.29,,73.58,69.93,99.45,0.8018018018018018,7.566562500000001,80.86
35,59,Física,2023,,75.64,92.86,,79.02,78.68,94.77,91.34,84.75,87.46,97.84,0.8137931034482758,7.5978787878787895,74.33
6,59,Física,2023,,,,,,36.39,,,,,,0.0,0.0,50.75
31,59,Física,2023,,71.73,82.61,93.19,,92.46,70.88,93.5,,74.76,70.62,0.8582089552238806,7.207419354838711,70.67
14,59,Física,2023,,86.29,73.56,90.84,99.09,87.9,,96.77,,99.27,94.71,0.8382352941176471,7.315937499999999,66.26
22,59,Física,2023,,,,87.99,80.14,81.18,92.28,93.24,,66.49,,0.8434782608695652,7.55391304347826,79.32
13,59,Física,2023,,90.49,96.97,82.12,84.51,91.92,76.33,90.98,85.0,73.79,93.89,0.8586387434554974,7.446521739130435,92.75
2,59,Física,2023,,,95.72,99.71,,,,,,75.01,73.58,0.8241758241758241,7.61409090909091,94.63
16,59,Física,2023,,,,,70.98,,,,,,,0.8928571428571429,6.566666666666666,89.7
11,59,Física,2023,,,,,,,,,,,,0.9230769230769231,7.2525,95.32
32,59,Física,2023,,,80.96,88.27,74.43,80.81,71.89,97.43,95.57,,,0.8650793650793651,7.621666666666666,81.23
9,59,Física,2023,,68.12,76.46,96.77,91.81,72.09,98.68,83.97,76.65,73.49,89.88,0.8292682926829268,7.770789473684206,92.68
7,59,Física,2023,,,,,,87.65,,,,,,0.9743589743589743,7.864285714285714,85.72
15,59,Física,2023,,95.27,69.36,78.99,68.01,75.05,74.05,68.42,78.52,95.28,98.04,0.8505154639175257,7.1493877551020395,79.47
26,59,Física,2023,,81.84,96.98,,,82.3,,91.78,69.48,89.17,79.45,0.8571428571428571,7.402272727272727,86.03
12,59,Física,2023,,78.91,,76.01,,,70.38,,,,99.66,0.8452380952380952,6.911428571428569,94.4
24,59,Física,2023,,66.97,91.88,89.41,93.08,88.21,90.85,96.49,71.76,83.82,66.62,0.8677248677248677,7.23888888888889,75.3
19,59,Física,2023,,88.82,83.24,93.76,78.13,,71.05,67.36,66.35,96.15,73.15,0.8238993710691824,7.8668571428571425,95.12
25,59,Física,2023,,89.33,98.21,80.11,75.87,77.25,77.02,94.76,,,90.94,0.8157894736842105,7.741363636363636,78.69
30,59,Física,2023,,81.37,,74.92,99.89,,,94.71,,94.43,77.41,0.8117647058823529,7.5200000000000005,99.96
21,59,Física,2023,,,91.11,98.6,,,,,68.68,,74.56,0.896551724137931,7.403928571428571,95.69
3,59,Física,2023,,,69.22,,77.31,,,90.3,,79.22,,0.8712871287128713,7.213809523809526,77.55
17,59,Física,2023,,72.81,69.95,,70.9,82.56,,87.02,90.63,68.02,,0.7857142857142857,7.505151515151516,97.94
28,59,Física,2023,,81.76,69.77,70.5,,95.37,81.32,,,83.75,,0.8472222222222222,7.951428571428571,75.09
20,59,Física,2023,,81.69,,93.41,89.25,,68.77,,75.35,89.73,,0.9090909090909091,7.560769230769231,76.79
33,59,Física,2023,,68.69,,,,,,,,,,0.7804878048780488,7.068181818181819,88.56
1,59,Física,2023,,,,,,,88.79,,,,,0.9152542372881356,8.062857142857142,98.35
5,59,Física,2023,,,,,,,,,,69.68,94.12,0.84,7.956,82.43
18,59,Física,2023,,,,86.44,,,,67.19,,,,0.8777777777777778,7.629999999999999,93.75
27,59,Física,2023,,76.88,66.39,80.7,80.66,84.84,71.79,69.87,93.99,76.23,84.3,0.8615384615384616,7.415897435897435,74.21
8,59,Física,2023,,,,,,,,,,91.2,,0.9047619047619048,7.237,80.7
54,60,Física,2023,,,93.09,,,,90.56,,89.93,,,0.8961038961038961,7.14736842105263,81.85
68,60,Física,2023,,83.68,75.95,78.25,,83.26,,,,72.82,90.08,0.883495145631068,7.830322580645162,99.83
51,60,Física,2023,,,70.01,,74.65,67.53,,,92.87,,,0.8144329896907216,7.443199999999997,84.6
70,60,Física,2023,,67.69,90.08,80.65,88.04,76.61,78.7,72.57,78.18,84.73,80.91,0.8358974358974359,7.461052631578947,68.61
52,60,Física,2023,,,,76.15,,,,,99.55,,67.15,0.8210526315789474,7.831999999999999,76.89
67,60,Física,2023,,94.53,,69.02,73.74,75.94,77.05,,67.11,88.39,87.01,0.8642857142857143,7.309285714285715,99.01
63,60,Física,2023,,70.06,94.04,99.53,88.44,70.07,96.02,82.63,93.71,75.94,80.12,0.8603351955307262,7.262222222222222,66.71
45,60,Física,2023,,,,,86.79,,87.08,,,,,0.8909090909090909,7.531538461538461,73.58
39,60,Física,2023,,,,80.08,,,,,78.51,,,0.8666666666666667,7.120000000000001,85.31
69,60,Física,2023,,,55.56,57.43,56.77,64.99,53.72,56.91,63.84,66.61,56.23,0.0,0.0,66.46
36,60,Física,2023,,,,55.44,54.97,,61.81,,62.69,63.98,58.41,0.0,0.0,55.61
50,60,Física,2023,,,,,,,,,,,,0.3333333333333333,0.0,72.83
60,60,Física,2023,,99.83,83.54,70.26,97.19,88.4,81.12,68.62,78.46,97.64,86.48,0.8762886597938144,7.280612244897958,82.81
66,60,Física,2023,,,92.34,,84.48,,,,83.3,83.5,,0.8311688311688312,7.617857142857141,74.69
59,60,Física,2023,,82.31,72.93,66.42,93.66,87.91,,76.81,86.05,92.42,89.73,0.8882978723404256,7.759400000000002,86.65
65,60,Física,2023,,,,,,,,,,,,0.8333333333333334,8.5,73.48
62,60,Física,2023,,,,83.42,86.5,,,,75.26,,,0.5357142857142857,7.144,67.14
42,60,Física,2023,,,,,,,82.06,,,93.67,81.86,0.8611111111111112,7.178095238095237,98.59
41,60,Física,2023,,87.69,87.36,,,67.28,,,72.57,,,0.8434782608695652,7.3402941176470575,80.95
46,60,Física,2023,,84.63,84.26,,83.47,85.94,,,,83.67,,0.8493150684931506,7.675000000000002,84.2
40,60,Física,2023,,,,,,,,,,,,0.0,0.0,92.74
53,60,Física,2023,,98.0,80.93,87.41,68.42,73.02,88.18,83.87,94.35,76.29,92.5,0.8440860215053764,7.465999999999998,68.91
38,60,Física,2023,,,69.04,75.05,,,95.94,,71.67,,90.84,0.8703703703703703,7.275000000000001,72.25
48,60,Física,2023,,82.7,82.42,86.58,77.15,,76.44,83.92,74.54,83.51,82.73,0.8387096774193549,7.620270270270272,99.92
57,60,Física,2023,,89.72,82.2,85.7,89.56,98.54,94.48,75.38,94.01,68.93,,0.8638743455497382,7.310566037735849,73.36
61,60,Física,2023,,,,,,,,,,97.59,,0.9130434782608695,7.451666666666665,84.41
49,60,Física,2023,,98.73,,,,,,,96.52,,,0.8181818181818182,7.353333333333334,74.39
47,60,Física,2023,,,,69.79,,,,,,,,0.8571428571428571,7.411666666666665,71.98
37,60,Física,2023,,83.38,66.74,93.58,,83.07,85.04,77.56,81.01,81.76,,0.8529411764705882,7.449166666666668,68.09
64,60,Física,2023,,85.93,,97.85,,,,,71.76,,70.23,0.8135593220338984,7.783636363636364,67.43
55,60,Física,2023,,97.09,98.12,,77.02,83.68,74.75,,86.62,,71.99,0.8440366972477065,7.8025925925925925,66.51
56,60,Física,2023,,72.05,88.66,96.63,80.58,78.48,89.66,97.51,77.91,85.71,99.41,0.8481675392670157,7.597755102040815,69.98
58,60,Física,2023,,78.06,,,69.47,86.43,87.55,81.61,,81.43,,0.8699186991869918,7.7771875,85.05
29,67,Química,2023,,,85.24,76.59,95.97,77.71,94.58,87.66,74.06,76.21,76.96,0.85,7.8356097560975595,78.18
4,67,Química,2023,,,,,,,,94.5,,,,0.8235294117647058,7.2275,95.5
34,67,Química,2023,,,,,,,,,,,,0.8771929824561403,7.993,71.01
10,67,Química,2023,,75.58,85.7,89.08,84.13,76.78,77.68,70.64,97.31,89.62,79.49,0.8789473684210526,7.946808510638298,88.63
35,67,Química,2023,,,82.6,,82.97,,97.19,73.66,99.21,71.88,,0.8333333333333334,8.029285714285713,72.0
6,67,Química,2023,,55.96,66.37,59.25,53.18,56.17,62.75,57.54,59.37,60.87,64.97,0.0,0.0,64.9
31,67,Química,2023,,73.97,81.71,,,71.28,69.47,,,,99.49,0.8983050847457628,7.597058823529412,69.83
14,67,Química,2023,,,,95.16,,,77.15,,,,73.92,0.9027777777777778,7.9009375,88.8
22,67,Química,2023,,68.28,76.08,84.28,77.85,72.08,,,99.07,94.95,69.19,0.8295454545454546,7.481874999999999,85.75
13,67,Química,2023,,,72.12,,84.59,,,,,,,0.8444444444444444,7.826666666666667,79.09
2,67,Química,2023,,,,,,,67.54,99.93,75.46,,71.68,0.7105263157894737,8.065714285714286,70.95
16,67,Química,2023,,86.4,92.86,93.26,83.5,74.79,,98.7,83.32,69.35,73.51,0.8402366863905325,7.757500000000002,87.56
11,67,Química,2023,,82.84,94.78,71.77,97.19,77.99,76.53,82.18,,,97.74,0.8253012048192772,7.355238095238093,89.06
32,67,Química,2023,,88.44,79.97,,68.7,,,,99.38,,,0.7872340425531915,7.458888888888889,66.68
9,67,Química,2023,,,,,,,,,,,,1.0,0.0,98.78
7,67,Química,2023,,,,,,,,,,,,1.0,0.0,95.78
15,67,Química,2023,,,74.23,73.6,99.19,91.42,78.37,,74.76,83.73,,0.8251748251748252,7.639230769230771,88.36
26,67,Química,2023,,83.19,90.4,,,,,,81.41,,,0.7391304347826086,7.965,78.05
12,67,Química,2023,,75.34,94.3,,78.37,79.47,83.81,94.24,85.22,67.74,79.42,0.88125,7.015945945945945,85.72
24,67,Química,2023,,,89.03,,,,68.48,70.26,,85.78,66.71,0.7901234567901234,7.764736842105262,84.06
19,67,Química,2023,,,85.56,,69.56,81.13,98.02,,,67.0,,0.8961038961038961,7.614000000000001,99.62
25,67,Química,2023,,,,,,,,89.74,,,,0.8333333333333334,8.145,81.17
30,67,Química,2023,,,,93.17,93.7,81.57,88.56,82.42,75.09,84.31,,0.9047619047619048,7.280476190476189,99.92
21,67,Química,2023,,94.96,,,,,,,,,,0.8805970149253731,7.556363636363636,73.55
3,67,Química,2023,,,,,,,,,,74.11,,0.8648648648648649,7.166666666666665,81.36
17,67,Química,2023,,,69.91,93.24,,70.84,75.77,,94.63,,,0.8064516129032258,7.720000000000001,98.03
28,67,Química,2023,,,,87.65,90.12,,,,,,97.16,0.8103448275862069,7.365128205128204,95.79
20,67,Química,2023,,,96.05,86.54,,,68.72,,,,,0.8235294117647058,7.5875,72.0
33,67,Química,2023,,,,,84.86,,,82.6,,97.1,,0.7096774193548387,7.92157894736842,69.5
1,67,Química,2023,,73.56,80.96,96.58,71.82,86.49,82.62,75.7,86.22,99.77,78.39,0.8216216216216217,7.525555555555556,99.09
5,67,Química,2023,,99.84,,,,87.4,86.91,,89.28,95.24,80.71,0.875,7.435365853658536,89.29
18,67,Química,2023,,85.0,84.73,,,,,,,,,0.8292682926829268,7.785000000000001,80.85
27,67,Química,2023,,,67.37,95.82,69.32,73.41,67.93,95.18,,73.94,,0.8951048951048951,7.7797142857142845,68.52
8,67,Química,2023,,,91.93,,89.47,,,86.35,,,,0.8170731707317073,8.129565217391306,98.59
54,68,Química,2023,,,,67.61,,,99.92,96.27,88.92,74.71,,0.8898305084745762,7.62875,81.26
68,68,Química,2023,,,,,,,,,,,,0.8125,7.22,98.02
51,68,Química,2023,,,88.28,93.84,73.84,,79.93,,,72.02,,0.7916666666666666,7.61,80.21
70,68,Química,2023,,91.43,81.67,91.89,80.96,92.52,84.37,97.21,,92.39,77.04,0.8216216216216217,7.511136363636364,66.05
52,68,Química,2023,,,,,69.75,77.17,71.54,,99.16,85.58,66.32,0.8992248062015504,7.881739130434783,99.82
67,68,Química,2023,,,89.29,,,,,,,80.91,,0.9193548387096774,7.63470588235294,79.35
63,68,Química,2023,,75.65,92.25,,,83.25,96.78,,,82.95,,0.8695652173913043,7.685769230769228,88.56
45,68,Química,2023,,,72.26,93.59,,,,,,,,0.8181818181818182,8.536,91.46
39,68,Química,2023,,95.25,98.02,71.67,97.37,72.12,92.31,,99.24,76.55,70.78,0.7787610619469026,7.503,93.03
69,68,Química,2023,,,,,,,,,,,,0.0,0.0,67.04
36,68,Química,2023,,60.43,,63.26,53.22,60.57,59.06,,60.67,56.67,59.77,0.0,0.0,59.05
50,68,Química,2023,,,,,,,,,,,,0.0,0.0,75.92
60,68,Química,2023,,89.0,88.03,87.65,70.46,,78.4,66.65,,96.55,,0.8461538461538461,7.951794871794873,77.41
66,68,Química,2023,,97.37,,,,76.02,87.57,77.71,,,97.4,0.9090909090909091,7.579130434782608,89.21
59,68,Química,2023,,67.45,76.59,,85.97,81.96,,,,,,0.8641975308641975,7.094347826086957,95.18
65,68,Química,2023,,,,70.14,,,,,,96.16,,0.8095238095238095,7.244,93.32
62,68,Química,2023,,,68.81,96.48,,78.99,,84.33,75.86,,74.39,0.891156462585034,7.781428571428574,77.47
42,68,Química,2023,,87.08,88.74,77.42,92.55,,88.89,77.52,99.24,87.49,71.15,0.7960526315789473,7.422666666666666,67.3
41,68,Química,2023,,,,,,,,,,,,0.7857142857142857,7.388333333333333,89.7
46,68,Química,2023,,88.12,,97.15,96.12,95.44,,,,,,0.875,7.257307692307692,85.26
40,68,Química,2023,,85.59,,,,70.13,71.05,73.05,73.78,88.97,,0.8434782608695652,7.227391304347827,98.61
53,68,Química,2023,,94.1,,94.2,78.9,81.92,98.23,,,93.67,,0.9021739130434783,7.737142857142859,94.02
38,68,Química,2023,,81.32,95.07,98.29,90.21,78.07,87.09,97.4,,90.02,83.68,0.8742857142857143,7.440434782608697,80.38
48,68,Química,2023,,,97.96,,,,,,95.09,74.91,,0.8690476190476191,7.620833333333333,89.74
57,68,Química,2023,,67.94,67.14,95.5,94.04,99.88,90.19,98.01,68.35,77.52,79.04,0.8863636363636364,7.580697674418605,90.78
61,68,Química,2023,,84.09,73.81,,69.63,,,,71.27,83.19,95.18,0.8686131386861314,7.437894736842105,90.57
49,68,Química,2023,,,,,,95.41,,,,,,0.8974358974358975,7.450833333333333,94.3
47,68,Química,2023,,,,,,,,,,69.84,,0.8823529411764706,8.187999999999999,70.99
37,68,Química,2023,,67.74,99.65,70.67,76.61,70.13,88.86,,82.37,72.25,95.23,0.8466257668711656,7.623428571428572,74.29
64,68,Química,2023,,79.69,,70.87,,,,,,,,0.8648648648648649,7.535000000000002,82.45
55,68,Química,2023,,,97.14,,90.33,,89.54,,85.15,,,0.845360824742268,7.604074074074074,86.75
56,68,Química,2023,,,76.09,,,,,,,,,0.8421052631578947,7.585624999999999,93.18
58,68,Química,2023,,85.92,82.34,,90.56,80.68,,,,,83.58,0.7634408602150538,7.5175,68.46
29,75,Inglés,2023,,82.99,68.8,97.29,83.18,88.07,74.85,71.23,,89.33,67.63,0.8247422680412371,7.068958333333332,70.09
4,75,Inglés,2023,,,92.21,84.97,,,,,,98.54,81.24,0.9090909090909091,7.767,97.87
34,75,Inglés,2023,,,68.09,94.5,,,81.71,88.74,83.83,,97.81,0.8275862068965517,7.291666666666667,93.65
10,75,Inglés,2023,,86.87,71.13,90.29,87.46,,,74.51,,74.42,68.59,0.8389261744966443,7.5721428571428575,77.1
35,75,Inglés,2023,,,,,,,85.87,91.18,,99.98,,0.7954545454545454,7.858,67.1
6,75,Inglés,2023,,55.75,,,51.61,,64.47,62.74,,,60.39,0.0,0.0,61.23
31,75,Inglés,2023,,97.21,92.63,94.73,80.58,,92.64,97.82,66.49,89.72,69.51,0.8924731182795699,7.704489795918367,69.95
14,75,Inglés,2023,,89.11,73.58,66.59,95.08,94.64,73.77,67.72,85.45,74.85,98.37,0.8520408163265306,7.600930232558142,66.06
22,75,Inglés,2023,,86.8,69.38,73.47,98.64,87.45,84.53,88.21,78.62,89.0,78.19,0.8775510204081632,7.697111111111113,86.27
13,75,Inglés,2023,,68.62,76.78,,,71.35,,,68.55,82.58,,0.8762886597938144,7.770000000000001,76.27
2,75,Inglés,2023,,98.42,83.53,84.51,,83.79,74.33,99.45,,96.53,84.18,0.8156028368794326,7.191999999999998,99.97
16,75,Inglés,2023,,96.34,83.66,,,,,,,83.94,,0.7884615384615384,8.139999999999999,79.58
11,75,Inglés,2023,,,,,67.19,75.92,,,,,98.52,0.8307692307692308,7.399333333333334,82.49
32,75,Inglés,2023,,,,,,,,,73.25,,,0.75,5.56,96.71
9,75,Inglés,2023,,88.61,76.22,79.9,71.56,92.57,68.23,93.87,67.92,82.71,99.12,0.808,7.902142857142858,78.64
7,75,Inglés,2023,,,99.56,97.29,89.63,84.57,97.93,93.47,72.09,94.27,84.06,0.9,7.477500000000004,75.14
15,75,Inglés,2023,,72.32,,78.77,89.87,,89.46,,84.32,69.68,91.45,0.905982905982906,7.289999999999998,92.93
26,75,Inglés,2023,,99.62,,,,,,,,97.85,,0.7575757575757576,7.285000000000001,83.6
12,75,Inglés,2023,,82.62,,,87.93,75.47,,,,,69.19,0.8285714285714286,7.842083333333332,96.69
24,75,Inglés,2023,,90.73,99.39,85.38,95.3,77.98,67.87,99.91,92.4,88.69,67.9,0.8677248677248677,7.253333333333333,86.55
19,75,Inglés,2023,,,,,,,,,,,,0.5,0.0,95.42
25,75,Inglés,2023,,,79.7,96.09,93.29,,,,94.96,67.92,82.36,0.8439716312056738,7.523243243243243,68.35
30,75,Inglés,2023,,89.76,91.37,,70.73,,88.03,70.83,85.08,,,0.8273381294964028,7.41702702702703,97.51
21,75,Inglés,2023,,66.06,67.95,79.13,87.44,93.95,,84.43,,92.36,85.07,0.8538011695906432,7.208717948717949,80.75
3,75,Inglés,2023,,75.46,76.61,97.11,97.03,98.47,97.45,91.22,89.49,88.27,86.22,0.8383233532934131,7.256444444444446,80.01
17,75,Inglés,2023,,71.0,,87.14,69.29,,67.9,75.67,74.65,,97.17,0.8992248062015504,7.418461538461538,73.35
28,75,Inglés,2023,,96.49,,74.43,74.67,,95.35,84.97,,73.55,68.82,0.8653846153846154,7.330571428571428,86.53
20,75,Inglés,2023,,,,,,82.24,,81.46,,,85.44,0.8658536585365854,8.035599999999999,79.18
33,75,Inglés,2023,,91.69,,,,,,,,,,1.0,7.113333333333333,87.89
1,75,Inglés,2023,,,95.96,,,,,82.78,,,85.13,0.8571428571428571,7.29037037037037,66.18
5,75,Inglés,2023,,,85.58,,,,,,,82.73,,0.7,6.7225,78.82
18,75,Inglés,2023,,88.53,80.66,99.32,95.2,70.37,87.89,81.74,79.35,94.12,84.49,0.8604651162790697,7.508148148148147,80.04
27,75,Inglés,2023,,,,,,,,,,,,1.0,0.0,89.27
8,75,Inglés,2023,,84.49,90.85,,97.79,85.11,66.18,87.68,92.02,68.75,71.55,0.8864864864864865,7.324897959183673,82.09
54,76,Inglés,2023,,90.35,,,,74.77,82.61,69.43,70.42,94.09,,0.8639455782312925,7.445555555555556,67.77
68,76,Inglés,2023,,,72.99,,66.85,,67.09,,,,,0.8,7.85,88.21
51,76,Inglés,2023,,96.33,,,98.7,,,,,67.88,68.96,0.8059701492537313,7.944761904761905,73.6
70,76,Inglés,2023,,87.06,78.79,99.29,,79.61,79.62,80.72,95.84,,,0.8076923076923077,7.6470270270270255,75.4
52,76,Inglés,2023,,79.94,,,,,,68.06,86.4,,,0.8452380952380952,7.172083333333333,97.9
67,76,Inglés,2023,,75.89,94.52,,86.9,,,88.7,96.65,91.43,,0.8598130841121495,7.067878787878788,80.76
63,76,Inglés,2023,,86.9,,,,,,,,,,0.9375,6.255,85.77
45,76,Inglés,2023,,99.53,77.7,70.56,86.35,75.43,80.8,75.18,69.8,90.89,68.43,0.8385416666666666,7.070600000000001,85.72
39,76,Inglés,2023,,,,,99.42,,99.3,,,77.24,,0.891566265060241,7.545714285714287,68.67
69,76,Inglés,2023,,64.16,57.78,,68.97,,59.66,53.46,57.72,59.43,61.51,0.0,0.0,52.45
36,76,Inglés,2023,,63.71,,66.07,61.3,,,,,51.26,,0.0,0.0,58.04
50,76,Inglés,2023,,71.42,90.05,69.03,79.43,79.19,69.72,89.05,67.02,79.86,,0.8648648648648649,7.437234042553191,71.0
60,76,Inglés,2023,,,90.2,73.82,72.69,74.65,96.97,,,76.33,,0.8085106382978723,7.499696969696969,76.12
66,76,Inglés,2023,,,,,,,,,,,,0.7142857142857143,0.0,98.52
59,76,Inglés,2023,,,,,,83.92,,,,,,0.8888888888888888,6.374999999999999,68.02
65,76,Inglés,2023,,,,,,,,,,,,1.0,5.59,73.58
62,76,Inglés,2023,,,79.67,97.95,,83.7,99.49,,,,79.79,0.8840579710144928,7.609444444444445,87.49
42,76,Inglés,2023,,73.53,72.22,85.71,79.14,88.68,99.61,,89.64,,81.21,0.7946428571428571,7.301666666666667,79.25
41,76,Inglés,2023,,,74.6,,96.13,,78.58,97.84,71.05,86.81,,0.8444444444444444,7.088214285714288,90.86
46,76,Inglés,2023,,,94.78,95.62,,,75.79,,,,72.56,0.8267716535433071,7.787333333333334,91.58
40,76,Inglés,2023,,87.35,75.78,78.93,,71.06,77.01,94.4,81.39,,87.59,0.8898305084745762,7.128666666666666,91.79
53,76,Inglés,2023,,,,,,78.84,,66.98,,,,0.8372093023255814,7.3108695652173905,76.2
38,76,Inglés,2023,,,,,,,,,,,,0.9047619047619048,8.046000000000001,68.24
48,76,Inglés,2023,,91.34,89.29,75.08,80.08,88.54,77.23,95.16,90.46,78.67,68.42,0.8323353293413174,7.214358974358977,76.69
57,76,Inglés,2023,,98.84,,,,,,,98.79,,,0.7619047619047619,6.94,87.74
61,76,Inglés,2023,,80.6,,,,92.99,,73.86,,,70.9,0.8526315789473684,7.5735714285714275,92.06
49,76,Inglés,2023,,,73.75,,82.55,,,,89.11,83.46,,0.8346456692913385,7.790000000000001,81.37
47,76,Inglés,2023,,,,,,,93.42,,,,,0.8571428571428571,7.115,70.53
37,76,Inglés,2023,,,,86.02,,,,70.0,,79.87,,0.9666666666666667,6.971666666666667,79.08
64,76,Inglés,2023,,,96.91,89.77,79.46,,90.64,74.44,,89.84,75.83,0.9326923076923077,7.878181818181819,66.41
55,76,Inglés,2023,,95.52,69.31,81.63,,,77.19,84.55,74.61,,81.1,0.7971014492753623,7.353684210526318,96.14
56,76,Inglés,2023,,78.51,80.61,,,,86.37,,89.6,,,0.76,7.364,76.71
58,76,Inglés,2023,,,,81.35,,,,85.13,94.3,,71.63,0.8823529411764706,7.72896551724138,96.18
29,85,Lenguaje,2024,,93.14,,81.3,,98.07,75.65,78.89,89.11,,,0.8468468468468469,7.295000000000001,73.81
4,85,Lenguaje,2024,,86.21,94.3,,,92.75,77.49,,,,74.36,0.8555555555555555,7.137894736842102,66.97
34,85,Lenguaje,2024,,73.49,74.69,92.09,85.9,87.29,75.87,85.59,82.16,74.48,75.52,0.8341968911917098,7.241296296296296,93.87
10,85,Lenguaje,2024,,,88.58,,73.24,,,,,74.12,71.03,0.8518518518518519,7.641923076923074,86.81
35,85,Lenguaje,2024,,,,,70.52,68.48,,74.28,93.19,,78.45,0.8656716417910447,7.193142857142858,76.8
31,85,Lenguaje,2024,,76.6,78.52,,,92.41,68.84,,,,,0.8289473684210527,8.157142857142855,93.96
14,85,Lenguaje,2024,,99.88,82.72,,,83.95,95.5,,,84.43,95.7,0.8492063492063492,7.214000000000001,88.84
22,85,Lenguaje,2024,,78.93,68.95,,,80.41,,99.08,,76.24,,0.8698630136986302,7.478571428571429,72.06
13,85,Lenguaje,2024,,96.53,90.82,,70.05,76.76,76.26,68.56,76.11,66.45,95.04,0.8651685393258427,7.399111111111111,71.46
2,85,Lenguaje,2024,,56.13,66.93,63.62,63.37,62.06,,67.02,56.21,52.84,59.09,0.0,0.0,68.18
16,85,Lenguaje,2024,,95.34,71.9,92.06,72.48,91.3,83.38,75.95,95.68,90.61,77.88,0.8288770053475936,7.563469387755103,97.4
11,85,Lenguaje,2024,,,,,,,85.95,,,,,0.7647058823529411,8.035,82.83
32,85,Lenguaje,2024,,66.79,83.56,,,,,77.3,,,,0.881578947368421,8.094782608695652,85.26
9,85,Lenguaje,2024,,,88.94,,,,76.04,,,,,0.9259259259259259,7.5214285714285705,72.99
7,85,Lenguaje,2024,,,93.38,96.57,78.02,82.67,67.82,81.36,96.62,72.59,66.83,0.8021390374331551,7.42568181818182,97.67
15,85,Lenguaje,2024,,,,,,,99.05,89.98,,,,0.7894736842105263,6.445,85.35
26,85,Lenguaje,2024,,72.22,84.24,98.62,69.61,74.54,73.28,69.43,95.33,89.23,78.07,0.8429319371727748,7.583571428571427,97.57
12,85,Lenguaje,2024,,91.9,86.21,83.5,74.12,96.8,80.36,70.84,,88.4,79.75,0.85,7.747857142857143,95.1
24,85,Lenguaje,2024,,,,,,,78.8,,,,,0.5714285714285714,0.0,89.14
19,85,Lenguaje,2024,,,,71.85,,,75.11,,97.85,,,0.875,7.278333333333333,98.77
25,85,Lenguaje,2024,,,,,,,,,,,,0.0,0.0,54.93
30,85,Lenguaje,2024,,68.6,,,90.24,93.57,97.11,97.81,90.26,88.86,78.78,0.8625,7.456060606060606,80.73
21,85,Lenguaje,2024,,,68.78,71.07,99.53,82.7,94.98,79.03,90.47,79.9,,0.8525641025641025,7.316750000000001,82.88
3,85,Lenguaje,2024,,72.32,79.56,,79.65,,,86.56,,,,0.8048780487804879,6.827142857142857,74.36
17,85,Lenguaje,2024,,,,,,,,,96.66,,71.97,0.85,7.319999999999999,98.83
28,85,Lenguaje,2024,,,,,,,,,,,,0.8666666666666667,7.575,89.52
20,85,Lenguaje,2024,,80.57,,77.7,87.92,99.47,80.77,77.44,,80.69,72.8,0.8869047619047619,7.194047619047616,89.5
33,85,Lenguaje,2024,,,,77.35,,,98.31,,,,,0.8082191780821918,7.314,98.38
1,85,Lenguaje,2024,,,,79.93,71.19,76.13,94.74,76.55,86.51,81.63,86.65,0.8819875776397516,7.070975609756097,68.29
5,85,Lenguaje,2024,,71.51,69.95,83.05,90.33,96.87,,,86.98,82.45,91.41,0.8740157480314961,7.14025,84.11
18,85,Lenguaje,2024,,,,,,,,,,,,0.8604651162790697,6.84875,87.92
27,85,Lenguaje,2024,,80.68,92.11,,,75.49,,74.85,,66.09,84.92,0.9230769230769231,7.036666666666668,82.3
8,85,Lenguaje,2024,,89.35,70.34,89.05,,70.03,,,,,68.07,0.863013698630137,7.334761904761905,94.96
54,86,Lenguaje,2024,,94.77,86.04,97.58,74.81,91.87,91.32,97.66,95.7,84.06,,0.845679012345679,7.162972972972974,95.76
68,86,Lenguaje,2024,,,90.16,,,,79.41,,85.54,,,0.8018018018018018,7.388275862068963,96.55
51,86,Lenguaje,2024,,66.88,59.7,68.86,55.36,63.26,51.66,55.34,52.74,62.44,55.84,0.0,0.0,52.1
70,86,Lenguaje,2024,,,74.22,73.85,,85.1,68.63,68.87,79.23,79.77,72.53,0.8424657534246576,7.613714285714285,86.89
52,86,Lenguaje,2024,,,,,,,,,,,,0.8,7.2975,67.76
67,86,Lenguaje,2024,,,,84.21,,,,,,,,0.813953488372093,8.14090909090909,83.16
63,86,Lenguaje,2024,,95.16,69.19,87.44,70.12,99.81,95.02,80.8,75.17,91.89,,0.8670886075949367,7.940232558139533,73.62
45,86,Lenguaje,2024,,69.17,,,,,96.21,,69.03,78.39,,0.8165137614678899,7.106969696969697,91.4
39,86,Lenguaje,2024,,95.58,80.46,91.49,92.03,90.27,97.64,97.0,86.94,99.7,88.44,0.8805031446540881,7.27825,85.82
50,86,Lenguaje,2024,,,,,,81.91,71.7,,,,,0.9117647058823529,7.723571428571428,73.94
60,86,Lenguaje,2024,,94.6,,84.45,99.13,71.3,84.13,70.71,73.55,86.26,90.09,0.8987341772151899,7.304705882352943,85.62
66,86,Lenguaje,2024,,,82.08,,76.15,69.69,79.84,,,,86.06,0.8990825688073395,7.774285714285716,87.25
59,86,Lenguaje,2024,,,97.8,,,,67.47,,,,,0.9111111111111111,7.1966666666666645,84.22
65,86,Lenguaje,2024,,,,,,,,,,,,0.7777777777777778,8.260000000000002,96.01
62,86,Lenguaje,2024,,88.95,66.19,76.69,77.58,82.62,84.61,77.14,86.16,89.5,,0.8135593220338984,7.2245454545454555,77.19
42,86,Lenguaje,2024,,,83.14,92.55,82.81,,70.73,92.78,,,78.85,0.8695652173913043,7.3390476190476175,93.63
41,86,Lenguaje,2024,,,,,,,,,,,,0.8333333333333334,6.483333333333333,84.36
46,86,Lenguaje,2024,,73.05,81.83,76.47,73.37,97.59,67.28,96.48,73.9,83.16,84.03,0.850828729281768,7.619999999999999,89.2
40,86,Lenguaje,2024,,,,,,,,58.83,,,,0.0,0.0,52.04
53,86,Lenguaje,2024,,,,,,,,,,,,1.0,0.0,75.91
38,86,Lenguaje,2024,,,,,,,,,,,,0.5,0.0,74.12
48,86,Lenguaje,2024,,,69.48,78.75,,,78.85,,,,,0.8686868686868687,7.53913043478261,87.78
57,86,Lenguaje,2024,,,,,,94.49,,82.95,,,,0.9047619047619048,7.927499999999999,90.84
61,86,Lenguaje,2024,,91.03,97.59,93.3,,71.53,82.24,80.84,,,90.3,0.869281045751634,7.427428571428571,76.84
49,86,Lenguaje,2024,,95.03,,92.14,79.6,89.98,,81.82,97.28,96.1,86.15,0.8263157894736842,7.745714285714285,67.14
47,86,Lenguaje,2024,,88.56,97.17,98.71,,,79.09,98.85,,75.73,89.4,0.7959183673469388,7.8668000000000005,89.23
37,86,Lenguaje,2024,,,73.67,,,,,,,,,0.9,7.0183333333333335,76.02
64,86,Lenguaje,2024,,78.97,,98.16,86.78,96.54,75.27,72.1,86.27,85.71,67.97,0.8152866242038217,7.305161290322582,89.56
55,86,Lenguaje,2024,,,,79.61,99.45,81.64,,,75.1,90.95,,0.8290598290598291,7.097599999999999,95.6
56,86,Lenguaje,2024,,98.25,85.87,84.25,,93.3,82.63,67.7,92.77,66.2,,0.7934782608695652,7.333793103448274,94.49
58,86,Lenguaje,2024,,97.05,66.49,,,70.44,67.37,80.04,,92.52,,0.8653846153846154,8.017500000000002,75.58
29,93,Matemática,2024,,,,,86.19,66.27,,96.59,97.9,,89.79,0.8536585365853658,7.2445,79.52
4,93,Matemática,2024,,,,,85.78,,,,,,,0.8354430379746836,7.261176470588236,84.21
34,93,Matemática,2024,,,,,66.01,98.84,,,,,,0.8333333333333334,7.711,90.55
10,93,Matemática,2024,,93.68,,,,71.69,66.88,99.23,71.7,68.37,,0.8461538461538461,7.74,81.43
35,93,Matemática,2024,,,,70.74,,,,66.59,,,,0.8214285714285714,8.386249999999999,68.3
31,93,Matemática,2024,,,77.41,77.67,95.14,,98.79,90.94,84.44,,,0.900709219858156,7.748947368421054,91.72
14,93,Matemática,2024,,93.57,,,,,,93.48,,97.52,72.31,0.8823529411764706,6.986666666666666,72.38
22,93,Matemática,2024,,,96.04,,,73.93,93.92,,,,,0.8783783783783784,7.458749999999999,97.73
13,93,Matemática,2024,,93.85,93.68,86.2,84.8,88.15,83.89,69.08,97.55,69.38,81.51,0.8411764705882353,7.484047619047617,69.18
2,93,Matemática,2024,,56.66,62.56,58.05,,64.25,,,55.93,,,0.0,0.0,59.01
16,93,Matemática,2024,,,96.32,67.88,,,,,81.84,,89.52,0.8648648648648649,7.630909090909091,81.69
11,93,Matemática,2024,,80.21,88.13,89.16,78.46,92.65,,,93.86,89.28,,0.831858407079646,7.377575757575758,70.79
32,93,Matemática,2024,,85.56,92.76,81.91,,66.79,81.85,73.59,84.41,75.73,,0.8445945945945946,7.4688235294117655,80.84
9,93,Matemática,2024,,68.07,97.49,,87.93,89.07,,90.75,68.33,68.61,93.99,0.8225806451612904,7.8207894736842105,83.6
7,93,Matemática,2024,,,,,,,,,,,,1.0,0.0,91.56
15,93,Matemática,2024,,91.28,77.16,,66.43,84.31,72.21,,,,,0.865546218487395,7.3970270270270255,95.93
26,93,Matemática,2024,,,94.73,,86.72,,,88.59,75.34,,,0.7976190476190477,7.472500000000001,76.49
12,93,Matemática,2024,,,,,,,77.48,,,,94.46,0.71875,6.530833333333334,91.21
24,93,Matemática,2024,,86.33,,76.66,83.04,,96.63,,,66.26,89.0,0.837037037037037,7.9092307692307715,91.98
19,93,Matemática,2024,,97.86,,,,,,97.75,96.76,70.23,,0.7909090909090909,7.672,74.27
25,93,Matemática,2024,,49.23,20.26,40.49,53.62,,,42.24,42.98,,52.35,0.0,0.0,52.29
30,93,Matemática,2024,,95.69,89.53,73.76,66.03,78.93,97.77,93.28,,73.98,67.84,0.8802816901408451,7.114571428571429,67.94
21,93,Matemática,2024,,,80.78,96.43,86.02,95.31,73.6,86.05,69.21,70.13,90.69,0.8277777777777777,7.5284905660377355,86.35
3,93,Matemática,2024,,,74.95,,,97.51,,,95.42,,,0.8947368421052632,8.042608695652174,72.79
17,93,Matemática,2024,,,74.36,81.82,88.81,69.39,75.75,77.99,,92.51,91.21,0.8611111111111112,7.219499999999999,77.23
28,93,Matemática,2024,,68.46,69.75,90.52,87.59,90.98,84.78,78.02,72.46,98.31,78.2,0.9058823529411765,7.7522916666666655,66.89
20,93,Matemática,2024,,82.58,71.23,,87.06,66.28,95.56,70.38,79.17,78.85,,0.813953488372093,8.093888888888891,99.86
33,93,Matemática,2024,,88.11,73.38,68.0,80.05,94.55,95.4,72.64,83.44,,91.48,0.8111111111111111,7.126,98.17
1,93,Matemática,2024,,,78.09,,,,,,,,,0.8125,7.426666666666667,81.45
5,93,Matemática,2024,,,97.94,71.62,,,95.26,73.42,,93.71,84.25,0.8279569892473119,7.345416666666665,69.97
18,93,Matemática,2024,,79.99,,73.0,66.54,75.61,85.42,99.65,69.39,78.34,,0.8052631578947368,7.704166666666667,74.92
27,93,Matemática,2024,,,,,,,76.55,,78.16,99.09,,0.881578947368421,7.612857142857143,88.09
8,93,Matemática,2024,,,,90.57,,,,75.02,,,89.28,0.925,7.524090909090909,88.85
54,94,Matemática,2024,,,,,,82.14,,,,,,0.9047619047619048,7.096000000000001,95.31
68,94,Matemática,2024,,,86.99,,,,,93.89,66.82,,75.49,0.78125,7.75,82.06
51,94,Matemática,2024,,67.7,54.86,68.81,52.65,58.7,59.52,58.22,,62.51,65.51,0.0,0.0,56.89
70,94,Matemática,2024,,69.4,75.14,76.18,86.54,91.29,74.1,68.75,95.78,88.47,87.01,0.8256410256410256,7.428979591836734,82.62
52,94,Matemática,2024,,73.45,96.77,80.99,,90.12,,73.05,74.61,69.83,,0.8235294117647058,7.605714285714287,84.59
67,94,Matemática,2024,,85.24,,,89.8,,,,66.84,86.59,,0.8653846153846154,7.474375,76.35
63,94,Matemática,2024,,92.21,,,,92.37,71.7,,73.7,80.42,97.48,0.9072164948453608,7.4474074074074075,70.79
45,94,Matemática,2024,,,,,,92.34,,70.37,76.82,88.09,99.5,0.8942307692307693,7.585384615384614,77.02
39,94,Matemática,2024,,70.69,,,79.48,76.02,,,,87.94,,0.8421052631578947,7.25,71.32
50,94,Matemática,2024,,,79.77,79.23,,88.24,90.36,97.48,80.29,95.82,88.88,0.8303571428571429,7.240624999999999,66.6
60,94,Matemática,2024,,,,81.61,,,68.45,,,,,0.8157894736842105,7.473999999999999,91.44
66,94,Matemática,2024,,70.65,98.04,98.48,82.14,69.49,99.34,94.76,78.85,,73.52,0.850828729281768,7.9825,98.88
59,94,Matemática,2024,,88.78,,,,93.22,83.45,,,,,0.8539325842696629,7.474999999999998,72.12
65,94,Matemática,2024,,91.1,,83.59,98.98,94.1,71.36,,79.38,,90.32,0.7529411764705882,7.722800000000002,71.25
62,94,Matemática,2024,,84.81,93.36,98.59,,,94.5,,,,,0.8023255813953488,6.9068421052631574,86.37
42,94,Matemática,2024,,99.47,98.06,83.08,,70.26,,,,69.32,69.39,0.8522727272727273,7.363636363636363,86.11
41,94,Matemática,2024,,,,,89.12,,,,87.68,71.88,,0.8481012658227848,7.725652173913045,99.17
46,94,Matemática,2024,,,,80.91,,92.44,,97.41,,98.57,,0.8055555555555556,7.543333333333333,76.52
40,94,Matemática,2024,,39.1,24.35,52.21,31.96,38.23,50.1,48.16,,35.07,34.85,0.0,0.0,44.6
53,94,Matemática,2024,,,94.98,,83.24,,,,96.03,83.43,66.7,0.797752808988764,7.255416666666666,92.09
38,94,Matemática,2024,,,,,94.18,,,,,,79.99,0.8888888888888888,8.225,81.99
48,94,Matemática,2024,,,,,79.43,,95.07,76.64,83.16,96.71,,0.8641975308641975,7.243499999999999,90.76
57,94,Matemática,2024,,,67.42,81.83,,81.29,,72.53,,87.11,81.98,0.8258064516129032,7.588157894736841,94.22
61,94,Matemática,2024,,,,,,,,,,,,1.0,0.0,95.23
49,94,Matemática,2024,,91.09,,73.21,79.38,,,99.7,,67.3,,0.8303571428571429,7.485172413793104,94.39
47,94,Matemática,2024,,,,82.05,84.39,,96.52,,72.95,,,0.8974358974358975,7.55625,81.93
37,94,Matemática,2024,,,98.35,,,,,78.14,91.68,73.28,,0.845360824742268,7.396,68.61
64,94,Matemática,2024,,,,,,,,,,,,0.9090909090909091,6.25,91.61
55,94,Matemática,2024,,89.36,70.27,93.56,98.26,88.97,86.13,77.76,72.37,89.92,68.55,0.8323353293413174,7.960285714285713,98.33
56,94,Matemática,2024,,,,,,,,,,,,1.0,8.453333333333333,69.63
58,94,Matemática,2024,,,,,,84.17,,,,,,0.8823529411764706,7.318260869565217,79.69
29,101,Física,2024,,94.25,76.85,93.41,80.99,99.89,77.92,97.0,83.14,75.1,67.86,0.8594594594594595,7.452666666666668,74.64
4,101,Física,2024,,,67.18,,93.96,67.37,,97.68,,,93.37,0.8928571428571429,7.090000000000001,80.34
34,101,Física,2024,,,,,,,,,,,78.69,0.8,9.7,84.08
10,101,Física,2024,,,76.77,82.65,,,,,,,,0.8348623853211009,7.173793103448275,99.24
35,101,Física,2024,,73.2,96.23,,95.5,,,,67.85,,,0.8736842105263158,7.400666666666669,96.9
31,101,Física,2024,,,77.38,77.91,,70.41,76.38,74.73,,,87.22,0.8309859154929577,7.501666666666667,85.24
14,101,Física,2024,,,,,,,,,86.05,,79.02,0.8805970149253731,6.973846153846154,99.99
22,101,Física,2024,,93.76,,93.03,76.82,,89.27,88.89,,,,0.825,7.2553846153846155,93.36
13,101,Física,2024,,87.94,66.91,,96.26,,80.87,,,87.79,69.9,0.8333333333333334,7.244230769230769,87.17
2,101,Física,2024,,,58.71,,54.25,,56.43,,,68.2,62.18,0.0,0.0,60.8
16,101,Física,2024,,,,83.0,,,,70.85,75.24,,,0.8309859154929577,7.5910526315789495,73.95
11,101,Física,2024,,67.72,92.08,82.08,,75.82,69.95,,77.63,82.28,,0.8571428571428571,7.6899999999999995,98.41
32,101,Física,2024,,,,,,78.01,,,,,,0.9090909090909091,9.145,74.29
9,101,Física,2024,,83.94,,,79.79,,,,91.96,78.48,,0.9130434782608695,7.501052631578948,96.92
7,101,Física,2024,,,,92.88,87.92,79.41,,81.92,,,,0.8163265306122449,6.717619047619048,95.54
15,101,Física,2024,,,,,,,,,,,,1.0,0.0,67.83
26,101,Física,2024,,,,,,,91.81,,98.43,,68.2,0.78125,7.773888888888891,91.64
12,101,Física,2024,,97.83,89.3,,72.71,87.03,,,87.54,,71.23,0.8940397350993378,7.528823529411764,88.1
24,101,Física,2024,,,,,93.65,83.08,,,,,92.21,0.868421052631579,8.06625,86.56
19,101,Física,2024,,,,,,,,,,,,1.0,6.266666666666667,78.22
25,101,Física,2024,,53.45,22.75,48.58,37.27,,,35.5,52.33,44.45,32.08,0.0,0.0,36.02
30,101,Física,2024,,,,,,,,81.43,,,,0.7692307692307693,8.5825,95.47
21,101,Física,2024,,75.22,80.32,,,70.09,99.25,,83.63,94.72,95.84,0.9,7.382727272727272,85.19
3,101,Física,2024,,90.6,,95.63,67.01,68.43,73.38,88.78,78.3,77.02,,0.8571428571428571,7.378636363636363,90.24
17,101,Física,2024,,,94.06,87.06,,,76.25,97.99,67.1,70.95,,0.7901234567901234,7.550384615384615,99.52
28,101,Física,2024,,,,80.53,,,,,,,89.86,0.8205128205128205,7.396666666666668,94.26
20,101,Física,2024,,,91.64,93.45,,73.14,97.29,92.12,69.98,,,0.7777777777777778,7.689354838709678,66.81
33,101,Física,2024,,,,70.36,92.83,,,,,90.8,,0.9,7.890909090909091,74.9
1,101,Física,2024,,94.37,76.34,98.27,94.82,70.7,94.83,,93.64,69.29,88.93,0.8456375838926175,7.522608695652172,85.1
5,101,Física,2024,,84.64,91.89,75.65,,92.1,79.49,71.19,,75.59,77.54,0.8662420382165605,7.263863636363637,88.42
18,101,Física,2024,,89.82,79.51,,,,,92.91,97.65,,,0.8275862068965517,7.215882352941176,97.57
27,101,Física,2024,,,,,,89.49,,,88.1,,,0.9024390243902439,8.06125,98.3
8,101,Física,2024,,,80.3,96.63,,68.42,71.32,82.33,96.31,94.83,89.65,0.8757396449704142,7.677441860465113,96.49
54,102,Física,2024,,98.03,89.23,93.15,97.4,67.63,82.88,72.33,71.16,,71.68,0.8324022346368715,7.3100000000000005,88.8
68,102,Física,2024,,92.97,88.5,94.23,90.08,91.08,74.17,97.2,90.88,87.32,77.37,0.8823529411764706,7.140681818181819,93.95
51,102,Física,2024,,61.26,,51.98,54.76,57.6,60.27,53.5,54.07,59.3,58.2,0.0,0.0,53.41
70,102,Física,2024,,,98.77,90.01,72.37,70.27,81.47,81.22,,,83.08,0.8934426229508197,7.8185714285714285,99.56
52,102,Física,2024,,,,90.56,86.83,,85.94,,,96.73,,0.8775510204081632,7.710000000000001,78.42
67,102,Física,2024,,,79.65,84.54,83.78,88.89,98.16,88.03,,,79.71,0.8561643835616438,7.244651162790698,93.27
63,102,Física,2024,,,71.16,,87.39,,82.44,,71.47,83.18,,0.8181818181818182,7.589655172413792,71.52
45,102,Física,2024,,92.11,,69.19,,,,72.88,,77.97,98.77,0.8125,7.259642857142855,91.13
39,102,Física,2024,,96.82,82.98,,74.08,,,,97.94,,,0.8266666666666667,6.9781249999999995,83.9
50,102,Física,2024,,73.11,94.06,86.37,66.14,86.55,84.7,82.45,,87.33,77.59,0.875,7.274871794871795,75.47
60,102,Física,2024,,83.41,78.59,91.64,80.73,89.24,97.22,66.31,87.1,81.79,88.17,0.851063829787234,7.301458333333333,84.3
66,102,Física,2024,,73.11,95.3,89.18,90.09,96.57,,99.28,,86.18,92.3,0.7988165680473372,7.343404255319149,98.79
59,102,Física,2024,,,,,99.86,,,,91.84,,93.35,0.8414634146341463,7.206,67.93
65,102,Física,2024,,96.36,83.25,,,93.98,94.04,,89.8,87.82,70.66,0.864,7.401111111111111,77.87
62,102,Física,2024,,69.74,92.7,69.86,97.87,80.92,88.24,66.46,91.6,80.0,83.52,0.8352272727272727,7.250212765957445,76.0
42,102,Física,2024,,,,,,,,,,,,0.8181818181818182,7.45,76.42
41,102,Física,2024,,71.55,,,,90.38,,78.41,,,67.35,0.8225806451612904,7.234799999999999,66.39
46,102,Física,2024,,86.01,90.45,88.82,76.42,91.93,89.21,,79.99,84.2,74.82,0.7910447761194029,7.1316216216216235,88.1
40,102,Física,2024,,,,,,62.02,,,,62.16,,0.0,0.0,56.86
53,102,Física,2024,,77.56,66.89,96.67,,,,82.17,,96.92,,0.8770491803278688,7.642571428571429,92.06
38,102,Física,2024,,84.37,75.46,,89.46,,,87.81,71.29,77.27,,0.8769230769230769,7.403125000000001,81.86
48,102,Física,2024,,68.15,92.38,69.21,76.16,82.48,75.82,97.98,97.14,79.5,88.09,0.9053254437869822,7.276595744680851,99.03
57,102,Física,2024,,,,,,,,,67.49,,,0.8928571428571429,7.3066666666666675,81.78
61,102,Física,2024,,84.33,68.26,,,,84.47,,,,,0.8717948717948718,7.518799999999999,68.55
49,102,Física,2024,,97.94,,,77.42,,78.94,93.52,73.22,89.84,88.22,0.8848484848484849,7.448181818181819,89.99
47,102,Física,2024,,69.27,73.59,74.41,94.52,,81.87,85.01,68.1,81.22,83.43,0.8164556962025317,7.531578947368419,72.48
37,102,Física,2024,,85.5,,,,79.04,,71.35,91.76,,,0.8387096774193549,7.405714285714285,98.54
64,102,Física,2024,,,,,,,,,,,,0.9210526315789473,7.17,95.8
55,102,Física,2024,,,67.19,81.03,99.62,91.17,99.19,85.66,80.93,,,0.86875,7.41051282051282,84.66
56,102,Física,2024,,88.82,,,,74.18,86.41,72.83,66.81,68.02,68.11,0.8159509202453987,7.507619047619049,68.08
58,102,Física,2024,,,,,,,,,,,,0.8333333333333334,7.98,98.6
29,109,Química,2024,,67.89,96.46,,93.21,98.81,,86.3,90.71,99.81,80.45,0.84472049689441,7.442857142857146,73.36
4,109,Química,2024,,,,75.36,88.77,89.49,,,,74.24,73.58,0.7978723404255319,7.581600000000001,82.94
34,109,Química,2024,,76.84,,,,85.16,,90.64,,,96.0,0.8347107438016529,7.3521874999999985,72.67
10,109,Química,2024,,81.21,,,,,,,88.39,84.52,77.47,0.8620689655172413,7.96,77.42
35,109,Química,2024,,74.77,95.29,87.05,,78.25,68.84,89.05,,,72.44,0.7553191489361702,7.7041176470588235,89.18
31,109,Química,2024,,98.63,86.71,,,,88.49,96.16,76.34,92.48,91.3,0.8583333333333333,7.142068965517242,99.16
14,109,Química,2024,,90.41,,70.52,95.79,79.21,,,,70.72,,0.9135802469135802,7.1517647058823535,89.44
22,109,Química,2024,,,,94.63,67.55,,,,,,,0.7959183673469388,7.521538461538463,79.44
13,109,Química,2024,,96.58,,,,,85.1,,66.41,,,0.8,7.333000000000001,83.94
2,109,Química,2024,,,20.53,,,,,47.05,,52.01,34.32,0.0,0.0,47.28
16,109,Química,2024,,91.05,84.31,,98.74,75.15,81.11,78.31,89.85,,96.23,0.8235294117647058,7.632894736842106,89.65
11,109,Química,2024,,70.92,,84.2,70.64,,,,77.37,97.86,,0.7746478873239436,7.186874999999999,72.36
32,109,Química,2024,,,,,,,,,,,,1.0,0.0,94.0
9,109,Química,2024,,98.36,,,,,,,,,86.1,0.7804878048780488,7.726999999999999,72.66
7,109,Química,2024,,73.44,79.05,,,83.86,87.78,91.26,,88.18,87.19,0.8037974683544303,7.548055555555558,74.1
15,109,Química,2024,,80.12,76.13,95.13,87.47,,98.76,71.34,,84.61,66.18,0.8719512195121951,7.641081081081082,83.7
26,109,Química,2024,,,,77.06,,,,,,67.34,,0.9047619047619048,6.291111111111111,95.26
12,109,Química,2024,,,,,,68.36,93.65,82.58,,,97.7,0.8409090909090909,7.173684210526315,88.79
24,109,Química,2024,,75.24,,94.93,,84.7,72.11,97.22,,72.45,,0.8028169014084507,7.355555555555556,66.25
19,109,Química,2024,,71.67,79.87,,92.72,,96.98,91.6,,79.16,66.38,0.8513513513513513,7.3980000000000015,78.79
25,109,Química,2024,,,,,67.04,55.66,61.55,,67.8,66.49,68.45,0.0,0.0,53.84
30,109,Química,2024,,,,,,,,,,,,0.8974358974358975,7.142,73.58
21,109,Química,2024,,79.66,79.91,82.5,87.07,92.8,75.01,78.58,73.19,68.04,77.01,0.8494623655913979,7.093333333333333,97.83
3,109,Química,2024,,96.53,69.22,81.09,75.06,66.81,70.3,66.83,81.54,,94.68,0.8583333333333333,7.623599999999999,93.79
17,109,Química,2024,,,,,,,,,,,,0.896551724137931,7.304285714285713,97.51
28,109,Química,2024,,97.4,,,,,,,,,,0.8857142857142857,7.273333333333333,99.39
20,109,Química,2024,,84.58,96.77,66.98,68.75,,94.92,,,72.94,88.76,0.8835616438356164,8.042790697674418,99.64
33,109,Química,2024,,77.11,79.89,69.38,,85.38,,,79.73,66.82,,0.75,7.271111111111111,93.29
1,109,Química,2024,,,67.95,81.47,92.15,97.4,83.12,,,73.09,96.56,0.8384615384615385,7.081,99.6
5,109,Química,2024,,81.54,,,,,,,,,,0.9473684210526315,6.444285714285715,83.67
18,109,Química,2024,,84.65,94.25,82.72,83.4,83.61,95.61,,83.9,93.37,77.83,0.879746835443038,6.9558823529411775,81.18
27,109,Química,2024,,85.5,,,95.06,,77.32,,89.37,87.58,89.91,0.8571428571428571,7.824166666666664,98.83
8,109,Química,2024,,68.06,73.5,,98.55,,,,95.78,,90.32,0.8492063492063492,7.408947368421051,97.4
54,110,Química,2024,,80.76,76.61,84.42,,90.03,,,,74.56,,0.8484848484848485,6.966666666666667,83.58
68,110,Química,2024,,,,,,92.03,,,,,,0.8611111111111112,6.532222222222221,88.25
51,110,Química,2024,,,,,,,,,,,,0.0,0.0,66.44
70,110,Química,2024,,87.98,,93.44,,99.73,96.07,97.59,92.83,90.15,69.1,0.8602941176470589,7.415588235294116,97.39
52,110,Química,2024,,73.02,,,,86.63,97.6,97.43,76.78,92.88,91.43,0.8881578947368421,7.249999999999998,92.34
67,110,Química,2024,,72.11,98.32,93.58,74.45,95.35,,81.4,85.05,,98.28,0.8705035971223022,7.676086956521741,83.83
63,110,Química,2024,,,,,93.97,,71.05,68.03,,,83.3,0.9174311926605505,7.972222222222222,69.73
45,110,Química,2024,,97.78,76.42,67.03,,76.67,,98.71,81.55,79.89,72.25,0.8840579710144928,7.569615384615385,88.75
39,110,Química,2024,,,,,,74.76,,74.16,,,,0.875,7.9339130434782605,83.99
50,110,Química,2024,,,,,,,,93.96,75.01,,,0.896551724137931,6.8566666666666665,96.59
60,110,Química,2024,,,,,,,,,,,,0.6666666666666666,7.51,80.15
66,110,Química,2024,,96.41,68.3,,,,,85.44,,99.39,92.65,0.8504672897196262,7.5426923076923105,79.92
59,110,Química,2024,,71.28,86.61,96.05,79.86,76.8,78.99,83.27,,90.33,76.27,0.8681318681318682,7.623461538461539,88.06
65,110,Química,2024,,74.66,97.55,94.11,,,87.46,70.94,82.61,93.38,,0.8582677165354331,7.593333333333335,97.81
62,110,Química,2024,,67.23,,86.7,66.99,76.41,96.9,91.21,75.64,92.26,92.29,0.8388888888888889,8.127291666666666,76.94
42,110,Química,2024,,,91.34,70.34,,84.38,89.11,66.78,,86.24,80.63,0.8333333333333334,7.677307692307692,76.14
41,110,Química,2024,,69.57,70.76,95.21,,79.19,,93.55,79.54,97.79,72.02,0.8376623376623377,7.6623809523809525,71.31
46,110,Química,2024,,67.3,68.18,66.54,,84.96,,94.84,,92.34,68.49,0.8571428571428571,7.338666666666668,76.79
40,110,Química,2024,,46.35,,51.3,47.94,46.8,46.12,35.07,33.76,35.24,42.99,0.0,0.0,35.7
53,110,Química,2024,,,75.5,,85.78,94.75,74.26,79.86,81.63,79.8,86.06,0.9006211180124224,7.500333333333334,66.11
38,110,Química,2024,,74.5,95.3,77.01,88.98,95.36,69.18,89.97,90.16,70.57,82.0,0.8871794871794871,7.547380952380952,86.81
48,110,Química,2024,,82.14,85.8,86.96,,,,69.09,75.32,,71.3,0.8351648351648352,7.545714285714286,99.23
57,110,Química,2024,,,,85.81,,,,,,,,0.9117647058823529,7.0680000000000005,73.15
61,110,Química,2024,,72.96,68.52,,90.24,88.67,72.01,,96.05,92.63,,0.8205128205128205,7.8041935483870954,97.16
49,110,Química,2024,,,,,,95.98,,,,67.59,,0.84375,7.602083333333333,77.29
47,110,Química,2024,,75.79,99.92,,89.51,86.24,96.01,,,72.69,69.06,0.8363636363636363,7.5105714285714305,96.62
37,110,Química,2024,,,,,,,,,78.43,,,0.7142857142857143,8.635,96.68
64,110,Química,2024,,,,,82.43,,,,,,,0.9411764705882353,6.806666666666666,66.88
55,110,Química,2024,,,,,,,89.96,,,,79.12,0.8541666666666666,7.56,75.22
56,110,Química,2024,,,,,,,,,,,,0.7419354838709677,7.526666666666666,78.5
58,110,Química,2024,,79.83,81.02,72.12,78.54,93.54,71.96,97.2,84.68,73.9,77.15,0.8963414634146342,7.754545454545456,86.93
29,117,Inglés,2024,,,,,,,,,,,,1.0,8.39,87.92
4,117,Inglés,2024,,,,,,,,,,,,0.8947368421052632,8.200000000000001,91.77
34,117,Inglés,2024,,80.19,,,,86.66,99.63,89.01,,89.81,69.01,0.85,7.459615384615383,73.53
10,117,Inglés,2024,,73.61,77.99,97.13,93.83,96.91,99.54,69.92,81.94,73.28,68.94,0.8247422680412371,7.5345614035087705,75.6
35,117,Inglés,2024,,,,86.66,,,,,,75.56,,0.7966101694915254,7.753333333333333,84.92
31,117,Inglés,2024,,,89.21,,,79.56,,92.89,67.5,,,0.8395061728395061,7.166842105263159,67.01
14,117,Inglés,2024,,,,,,,,,,,68.48,1.0,8.18,87.39
22,117,Inglés,2024,,88.37,74.34,70.77,75.0,87.53,,91.43,72.53,,87.59,0.8562874251497006,7.280681818181819,75.07
13,117,Inglés,2024,,,,,,,,,,,,0.9565217391304348,7.4799999999999995,75.6
2,117,Inglés,2024,,64.45,,,52.7,,,,,,,0.0,0.0,58.89
16,117,Inglés,2024,,75.82,69.66,,,,,,,,,0.8888888888888888,7.6049999999999995,95.47
11,117,Inglés,2024,,73.09,74.48,74.37,88.15,,95.69,89.0,96.35,72.57,99.38,0.9032258064516129,7.64659090909091,99.27
32,117,Inglés,2024,,77.55,,80.09,,,,,,,,0.8309859154929577,7.322631578947367,88.34
9,117,Inglés,2024,,,,,,,,,90.5,,,0.8723404255319149,7.69875,71.57
7,117,Inglés,2024,,,71.0,,,91.64,90.11,78.33,71.76,68.62,84.47,0.8650793650793651,7.061764705882352,78.24
15,117,Inglés,2024,,,,,94.79,,,,,,93.43,0.8552631578947368,7.405333333333334,89.62
26,117,Inglés,2024,,92.58,68.68,69.0,92.11,90.68,95.0,78.93,94.41,66.48,87.79,0.8323699421965318,7.316944444444443,89.15
12,117,Inglés,2024,,82.73,97.09,89.89,96.61,91.54,82.65,76.54,98.19,75.03,80.45,0.8924731182795699,7.505476190476192,70.44
24,117,Inglés,2024,,,77.75,79.48,,,84.97,,,70.04,67.39,0.9135802469135802,7.422857142857143,99.76
19,117,Inglés,2024,,,,,,,,,,,,0.8,0.0,80.79
25,117,Inglés,2024,,68.42,,,58.98,,64.32,53.36,66.11,63.18,62.84,0.0,0.0,51.6
30,117,Inglés,2024,,,,,,,,,82.04,,,1.0,7.7775,99.79
21,117,Inglés,2024,,,,,98.36,91.03,91.18,,,,,0.8604651162790697,7.9689655172413785,80.44
3,117,Inglés,2024,,,,,,,96.96,,,75.16,78.48,0.7241379310344828,8.094999999999999,72.75
17,117,Inglés,2024,,89.09,83.67,95.87,90.18,88.61,,93.49,,86.78,68.86,0.8333333333333334,7.6391891891891905,66.07
28,117,Inglés,2024,,,88.46,69.12,69.02,,,99.3,,,83.37,0.8604651162790697,7.6403448275862065,90.56
20,117,Inglés,2024,,92.62,,,73.74,76.16,,93.36,,,,0.8596491228070176,7.531428571428571,85.92
33,117,Inglés,2024,,96.35,85.76,74.54,84.68,,,,,,,0.803030303030303,7.842368421052631,99.2
1,117,Inglés,2024,,,66.47,70.21,95.54,67.8,96.18,88.6,90.23,67.22,94.44,0.8641304347826086,7.747560975609754,90.3
5,117,Inglés,2024,,,,,,,,,,,,1.0,6.47,92.64
18,117,Inglés,2024,,,,69.7,,,66.65,,,77.97,,0.9318181818181818,7.514999999999999,76.71
27,117,Inglés,2024,,80.11,69.49,,,,,98.28,95.36,,,0.8131868131868132,7.271851851851851,72.49
8,117,Inglés,2024,,67.84,84.1,,,,94.24,89.87,79.08,,,0.9444444444444444,6.919999999999999,90.22
54,118,Inglés,2024,,86.95,71.1,67.93,97.28,96.06,77.06,98.37,98.83,82.92,92.43,0.8571428571428571,7.665333333333332,66.64
68,118,Inglés,2024,,95.03,85.49,98.41,97.63,92.14,,,,66.8,89.46,0.8857142857142857,7.659655172413793,93.53
51,118,Inglés,2024,,,,,,30.81,38.78,,,,,0.0,0.0,37.82
70,118,Inglés,2024,,75.28,,84.17,85.89,81.62,,,,67.89,,0.8448275862068966,7.628571428571428,86.62
52,118,Inglés,2024,,76.66,,74.0,,,,,,,,0.9019607843137255,7.179333333333334,87.15
67,118,Inglés,2024,,68.21,97.04,99.09,,91.13,95.71,71.78,,89.28,98.2,0.896969696969697,7.401428571428573,70.22
63,118,Inglés,2024,,69.16,77.88,69.29,94.83,67.08,85.81,,92.71,,,0.8817204301075269,7.162857142857142,94.34
45,118,Inglés,2024,,98.59,79.05,,,67.54,93.24,67.38,92.56,88.46,,0.8939393939393939,7.261944444444446,75.37
39,118,Inglés,2024,,98.75,77.55,,85.84,91.9,88.24,89.75,90.23,77.42,95.7,0.7950819672131147,7.496470588235293,74.67
50,118,Inglés,2024,,,,99.33,,,,,,,80.93,0.7368421052631579,7.551818181818181,74.53
60,118,Inglés,2024,,,,87.59,,83.14,,74.49,79.59,93.96,67.48,0.8538461538461538,7.27,79.01
66,118,Inglés,2024,,,,88.3,,87.2,71.43,98.21,,97.3,,0.8469387755102041,7.395416666666666,90.71
59,118,Inglés,2024,,,,,,,,,,,,0.0,9.95,88.03
65,118,Inglés,2024,,,82.9,,,,,,77.37,,98.94,0.8131868131868132,7.463888888888887,92.81
62,118,Inglés,2024,,78.62,,,67.09,81.34,99.58,,,91.5,,0.8703703703703703,7.865833333333332,69.43
42,118,Inglés,2024,,,,,95.08,,,,,,,0.85,7.378,80.23
41,118,Inglés,2024,,89.45,79.58,68.82,74.31,,82.97,92.0,66.43,73.45,90.0,0.8655913978494624,7.396041666666668,94.39
46,118,Inglés,2024,,78.7,73.39,89.63,70.58,77.55,87.64,68.67,,97.8,96.75,0.8260869565217391,7.245531914893618,95.15
40,118,Inglés,2024,,,66.54,63.06,57.4,64.47,58.61,64.38,68.42,66.34,61.91,0.0,0.0,55.61
53,118,Inglés,2024,,,85.15,98.1,,,,68.15,83.95,,,0.8333333333333334,7.406470588235294,95.35
38,118,Inglés,2024,,,,,,,,,,,,0.8181818181818182,6.407500000000001,71.81
48,118,Inglés,2024,,,,87.88,,,90.99,,,,,0.775,7.575454545454545,96.91
57,118,Inglés,2024,,,,82.44,87.12,,84.32,75.87,97.01,,86.99,0.8235294117647058,7.831395348837208,99.06
61,118,Inglés,2024,,71.78,67.49,70.75,72.95,97.27,91.34,,,68.21,90.64,0.8426966292134831,7.476938775510203,94.75
49,118,Inglés,2024,,99.58,76.67,,,,,,,,,0.8350515463917526,7.176111111111112,98.89
47,118,Inglés,2024,,,,91.03,,,,85.61,,,,0.8333333333333334,7.6,71.01
37,118,Inglés,2024,,72.53,84.23,,,92.62,96.78,,,84.75,,0.8320610687022901,7.492173913043477,80.43
64,118,Inglés,2024,,70.52,68.43,89.63,73.82,86.46,81.69,92.43,69.71,90.55,83.87,0.8490566037735849,7.795116279069766,86.88
55,118,Inglés,2024,,82.3,,,85.67,,78.39,,,,,0.825,7.410833333333334,67.4
56,118,Inglés,2024,,,87.56,,,,69.59,88.41,68.37,96.85,81.92,0.9,7.376363636363636,80.6
58,118,Inglés,2024,,70.69,69.76,91.43,82.64,97.61,81.95,89.6,73.44,70.93,74.5,0.8393782383419689,7.489999999999999,77.38
